filename,brand,doc_type,trade,agent_text_chunks,agent_visual_assets,ingest_status
Abodo Wood - ABODO-New-TMT-Painting-and-Staining-Spec-Nov-2014,Abodo Wood,Color_Chart,cladding,2,0,Text Only
Abodo Wood - AW62-180x20mm-Profile-Drawing-Abodo-Wood,Abodo Wood,CAD_Detail,cladding,1,0,Text Only
Abodo Wood - AW62P-187x18-Profile-Drawing,Unknown,,,0,1,Visual Only
Abodo Wood - AW62P-187x18-Profile-Drawing-Abodo-Wood-Jan-18,Abodo Wood,CAD_Detail,cladding,2,0,Text Only
Abodo Wood - Abodo-Brochure-New-Growth-Feature-Timbers,Abodo Wood,Product_Catalog,cladding,5,0,Text Only
Abodo Wood - Abodo-CodeMark-Weatherboard-Cladding-System-Manual,Abodo Wood,Installation_Guide,cladding,89,0,Text Only
Abodo Wood - Abodo-Guidelines-for-Vulcan-Cladding-Standard-Series-Clear-2-Laminated-Grade,Abodo Wood,Installation_Guide,cladding,3,0,Text Only
Abodo Wood - Abodo-Profile-Drawing-WB18-180x18,Abodo Wood,CAD_Detail,cladding,1,0,Text Only
Abodo Wood - Abodo-Safety-Data-Sheet-End-Seal-MAY-23-V3,Abodo Wood,Safety_Data_Sheet,cladding,4,0,Text Only
Abodo Wood - Abodo-Safety-Data-Sheet-NZ-Protector-Jan-24,Abodo Wood,Safety_Data_Sheet,cladding,37,0,Text Only
Abodo Wood - Abodo-Safety-Data-Sheet-Vulcan,Abodo Wood,Safety_Data_Sheet,cladding,4,0,Text Only
Abodo Wood - Abodo-Safety-Data-Sheet_Rejuvenator-Wood-Cleaner-May-22,Abodo Wood,Safety_Data_Sheet,cladding,5,0,Text Only
Abodo Wood - Abodo-Semi-Vertical-Grain-SVG-Grain-Orientation-Guidelines,Abodo Wood,Installation_Guide,cladding,4,0,Text Only
Abodo Wood - Abodo-Sioox-Wood-Protection-Manual-Apr-23,Abodo Wood,Installation_Guide,cladding,4,0,Text Only
Abodo Wood - Abodo-Thermal-Conductivity-Memo,Abodo Wood,Technical_Manual,cladding,1,0,Text Only
Abodo Wood - Abodo-Vulcan-Cladding-Comparison-Guide,Abodo Wood,Installation_Guide,cladding,1,0,Text Only
Abodo Wood - Abodo-Vulcan-Shingles-Oculus-Compliance-Letter,Abodo Wood,Certification,cladding,6,0,Text Only
Abodo Wood - Abodo-Vulcan-Timber-LRV-and-SRI-Guide-May-23,Abodo Wood,Color_Chart,cladding,9,0,Text Only
Abodo Wood - Abodo-Wood-Environmental-Product-Declaration,Abodo Wood,EPD,cladding,9,0,Text Only
Abodo Wood - Appearance-Grades-Timber-Grading-Rules-Abodo-Wood,Abodo Wood,Installation_Guide,cladding,3,0,Text Only
Abodo Wood - BAND4S-138x18-Profile-Drawing-Abodo-Wood,Abodo Wood,CAD_Detail,cladding,1,0,Text Only
Abodo Wood - BAND4S-180x18-Profile-Drawing-Abodo-Wood,Abodo Wood,CAD_Detail,cladding,1,0,Text Only
Abodo Wood - BAND4S-42x42-Profile-Drawing-Abodo-Wood,Abodo Wood,CAD_Detail,cladding,1,0,Text Only
Abodo Wood - BAND4S-65x18-Profile-Drawing-Abodo-Wood,Abodo Wood,CAD_Detail,cladding,1,0,Text Only
Abodo Wood - BAND4S-88x18-Profile-Drawing-Abodo-Wood,Abodo Wood,CAD_Detail,cladding,1,0,Text Only
Abodo Wood - Built-to-Last-Warranty-30yrs-ACQ-Abodo-Wood,Abodo Wood,Certification,cladding,1,0,Text Only
Abodo Wood - Comparative-Biomass-Growth-and-Carbon-Sequestration-Report-Abodo-Wood,Abodo Wood,Technical_Manual,cladding,4,0,Text Only
Abodo Wood - DK14S-90x21-Profile-Drawing-Abodo-Wood,Abodo Wood,CAD_Detail,cladding,1,0,Text Only
Abodo Wood - DK16V-142x27mm-Profile-Drawing-Abodo-Wood,Abodo Wood,CAD_Detail,cladding,1,0,Text Only
Abodo Wood - DK4R-140x27-Profile-Drawing-Abodo-Wood,Abodo Wood,CAD_Detail,cladding,1,0,Text Only
Abodo Wood - Group-Number-Classification-Certificate-Fire-Rating-Abodo-Wood,Abodo Wood,Certification,cladding,3,0,Text Only
Abodo Wood - Look-Book-Vulcan-Feature-Timber-Projects,Abodo Wood,Product_Catalog,cladding,2,0,Text Only
Abodo Wood - M116317-Abodo-Profile-Drawing-Download-Vulcan-Shingles-450x120,Abodo Wood,CAD_Detail,cladding,1,0,Text Only
Abodo Wood - M116317-Abodo-Profile-Drawing-Download-Vulcan-Shingles-450x90,Abodo Wood,CAD_Detail,cladding,1,0,Text Only
Abodo Wood - Maintenance-Guidelines-Timber-Cladding-Screening-NZ-Abodo-Wood,Abodo Wood,Installation_Guide,screening,3,0,Text Only
Abodo Wood - Maintenance-Guidelines-Vulcan-Sand-Decking-Abodo-Wood,Abodo Wood,Installation_Guide,decking,2,0,Text Only
Abodo Wood - OPX-Treatment-Guide-Abodo-Wood-Feb-2023,Abodo Wood,Installation_Guide,cladding,1,0,Text Only
Abodo Wood - Performance-Testing-Guide-for-Vulcan-Timber-Abodo-Wood,Abodo Wood,Installation_Guide,cladding,10,0,Text Only
Abodo Wood - Resene-Paint-Complementary-Colour-Suggestions,Abodo Wood,Color_Chart,cladding,3,0,Text Only
Abodo Wood - Rhombus-Batten-Clip-RHBC2-with-clip-90x26-Abodo-Wood,Abodo Wood,CAD_Detail,cladding,1,0,Text Only
Abodo Wood - Rhombus-Clip-RHBC2-with-clip-68x26-Abodo-Wood,Abodo Wood,CAD_Detail,cladding,1,0,Text Only
Abodo Wood - TDS-69-Vulcan-Shingles-Roof-Dec-23,Abodo Wood,Technical_Data_Sheet,cladding,7,0,Text Only
Abodo Wood - TDS-70-Vulcan-Shingles-Wall-Dec-23,Abodo Wood,Technical_Data_Sheet,cladding,6,0,Text Only
Abodo Wood - TG17-84x17-Profile-Drawing-Abodo-Wood,Abodo Wood,CAD_Detail,cladding,1,0,Text Only
Abodo Wood - TG9-135x10-Profile-Drawing-Abodo-Wood-Jan-18,Abodo Wood,CAD_Detail,cladding,1,0,Text Only
Abodo Wood - TG9-175x10-Profile-Drawing-Abodo-Wood-Jan-18,Abodo Wood,CAD_Detail,cladding,1,0,Text Only
Abodo Wood - Technical-Data-Sheet-30-Sand-Decking-Abodo-Wood-Sept-22,Abodo Wood,Technical_Data_Sheet,decking,3,0,Text Only
Abodo Wood - Technical-Data-Sheet-47-Protector-Abodo-Wood,Abodo Wood,Technical_Data_Sheet,cladding,3,0,Text Only
Abodo Wood - Technical-Data-Sheet-66-Vulcan-Nexus-Cladding-Abodo-Wood,Abodo Wood,Technical_Data_Sheet,cladding,1,0,Text Only
Abodo Wood - Technical-Data-Sheet-68-Protector-Hybrid-Abodo-Wood-May-23,Abodo Wood,Technical_Data_Sheet,cladding,3,0,Text Only
Abodo Wood - Technical-Data-Sheet-Char-Oil-Abodo-Wood,Abodo Wood,Technical_Data_Sheet,cladding,1,0,Text Only
Abodo Wood - Technical-Data-Sheet-Cladding-Screw-Abodo-Wood,Abodo Wood,Technical_Data_Sheet,fasteners,4,0,Text Only
Abodo Wood - Technical-Data-Sheet-Decking-Screw-Abodo-Wood,Abodo Wood,Technical_Data_Sheet,decking,2,0,Text Only
Abodo Wood - Technical-Data-Sheet-Iron-Vitriol,Abodo Wood,Technical_Data_Sheet,cladding,1,0,Text Only
Abodo Wood - Technical-Data-Sheet-Protector-End-Seal-Abodo-Wood,Abodo Wood,Technical_Data_Sheet,cladding,1,0,Text Only
Abodo Wood - Technical-Data-Sheet-Rejuvenator-Abodo-Wood,Abodo Wood,Technical_Data_Sheet,cladding,2,0,Text Only
Abodo Wood - Technical-Data-Sheet-Rhombus-Clip-Abodo-Wood,Abodo Wood,Technical_Data_Sheet,cladding,8,0,Text Only
Abodo Wood - Technical-Data-Sheet-Vulcan-Cladding-Abodo-Wood-New-Zealand,Abodo Wood,Technical_Data_Sheet,cladding,6,0,Text Only
Abodo Wood - Technical-Data-Sheet-Vulcan-Cladding-Vertical-Grain-Standard-Series-NZ,Abodo Wood,Technical_Data_Sheet,cladding,5,0,Text Only
Abodo Wood - Technical-Data-Sheet-Vulcan-Decking-Abodo-Wood,Abodo Wood,Technical_Data_Sheet,decking,4,0,Text Only
Abodo Wood - Technical-Data-Sheet-Vulcan-Panelling-Abodo-Wood,Abodo Wood,Technical_Data_Sheet,interior_linings,1,0,Text Only
Abodo Wood - Technical-Data-Sheet-Vulcan-Screening-Abodo-Wood-New-Zealand,Abodo Wood,Technical_Data_Sheet,screening,4,0,Text Only
Abodo Wood - Technical-Data-Sheet-Vulcan-Smooth-Decking-Abodo-Wood,Abodo Wood,Technical_Data_Sheet,decking,1,0,Text Only
Abodo Wood - Thermally-Modified-Timber-Fact-Sheet-Abodo-Wood,Abodo Wood,Product_Catalog,cladding,3,0,Text Only
Abodo Wood - Vulcan-25-Year-Warranty,Abodo Wood,Certification,cladding,2,0,Text Only
Abodo Wood - Vulcan-Cladding-A4-Colour-Chart-NZ-Abodo,Abodo Wood,Color_Chart,cladding,1,0,Text Only
Abodo Wood - Vulcan-Screening-Design-Guide-Abodo-Wood,Abodo Wood,Installation_Guide,screening,6,0,Text Only
Abodo Wood - WB10-138x20-Profile-Drawing-Abodo-Wood,Abodo Wood,CAD_Detail,cladding,1,0,Text Only
Abodo Wood - WB10-180x20mm-Profile-Drawing-Abodo-Wood,Abodo Wood,CAD_Detail,cladding,1,0,Text Only
Abodo Wood - WB12-138x20-Profile-Drawing-Abodo-Wood-Apr-18,Abodo Wood,CAD_Detail,cladding,1,0,Text Only
Abodo Wood - WB12-180x18mm-Profile-Drawing-Abodo-Wood,Abodo Wood,CAD_Detail,cladding,2,0,Text Only
Abodo Wood - WB12-90x18-Profile-Drawing-Abodo-Wood,Abodo Wood,CAD_Detail,cladding,2,0,Text Only
Abodo Wood - WB12-90x40mm-Profile-Drawing-Abodo-Wood,Abodo Wood,CAD_Detail,cladding,1,0,Text Only
Abodo Wood - WB12-90x60mm-Profile-Drawing-Abodo-Wood,Abodo Wood,CAD_Detail,cladding,1,0,Text Only
Abodo Wood - WB12-Combination-Options-Abodo-Wood,Abodo Wood,CAD_Detail,cladding,1,0,Text Only
Abodo Wood - WB12F-180x18-Profile-Drawing-Abodo-Wood-Sept-20,Abodo Wood,CAD_Detail,cladding,2,0,Text Only
Abodo Wood - WB18-135x18-Profile-Drawing-Abodo-Wood,Abodo Wood,CAD_Detail,cladding,1,0,Text Only
Ardex-Waterproofing-Manual,NZ Building Code,Compliance_Document,technical_manual,42,0,Text Only
Asona Deep Dive - AC-016-V2-Split-Rail-Profile.pdf,Asona,Technical_Manual,acoustic_ceiling,1,0,Text Only
Asona Deep Dive - AC-020-V3-Donn-Standard-Grid-Components.pdf,Asona,Technical_Manual,ceiling_grid,1,0,Text Only
Asona Deep Dive - Asona-Gypclean.pdf,Asona,Technical_Manual,acoustic_ceiling,1,0,Text Only
Asona Deep Dive - Asona-MetaPan-UL-series.pdf,Asona,Technical_Manual,metal_ceiling,1,0,Text Only
Asona Deep Dive - Asona-Polyfon-Mesh.pdf,Asona,Technical_Manual,acoustic_panel,1,0,Text Only
Asona Deep Dive - Asona-Pyramid-3D-v2.pdf,Asona,Technical_Manual,acoustic_panel,1,0,Text Only
Asona Deep Dive - Asona-Renew.pdf,Asona,Technical_Manual,acoustic_ceiling,1,0,Text Only
Asona Deep Dive - Asona-Sonacoustic-v5.pdf,Asona,Technical_Manual,acoustic_panel,1,0,Text Only
Asona Deep Dive - Asona-Sonaris-Perforated-Laminates-v4.pdf,Asona,Technical_Manual,perforated_panel,1,0,Text Only
Asona Deep Dive - Asona-Sonaspray-v2.pdf,Asona,Technical_Manual,acoustic_spray,1,0,Text Only
Asona Deep Dive - Asona-Sonawood-Ceiling Tile-v3.pdf,Asona,Technical_Manual,acoustic_ceiling,2,0,Text Only
Asona Deep Dive - Asona-Sonawood-Panel-v8.pdf,Asona,Technical_Manual,acoustic_wall,3,0,Text Only
Asona Deep Dive - Asona-Tecsound-FT.pdf,Asona,Technical_Manual,acoustic_underlay,2,0,Text Only
Asona Deep Dive - Asona-Tecsound-SY.pdf,Asona,Technical_Manual,acoustic_underlay,2,0,Text Only
Asona Deep Dive - Asona-Tecsound-Tube-S.pdf,Asona,Technical_Manual,acoustic_underlay,2,0,Text Only
Asona Deep Dive - Asona-Triton-100-v3.pdf,Asona,Technical_Manual,acoustic_ceiling,2,0,Text Only
Asona Deep Dive - Asona-Triton-15-v3.pdf,Asona,Technical_Manual,acoustic_ceiling,3,0,Text Only
Asona Deep Dive - Asona-Triton-25W-v5.pdf,Asona,Technical_Manual,acoustic_ceiling,2,0,Text Only
Asona Deep Dive - Asona-Triton-30HD-v2.pdf,Asona,Technical_Manual,acoustic_ceiling,3,0,Text Only
Asona Deep Dive - Asona-Triton-4-v3.pdf,Asona,Technical_Manual,acoustic_ceiling,3,0,Text Only
Asona Deep Dive - Asona-Triton-50HD-v3.pdf,Asona,Technical_Manual,acoustic_ceiling,4,0,Text Only
Asona Deep Dive - Asona-Triton-75-v2.pdf,Asona,Technical_Manual,acoustic_ceiling,3,0,Text Only
Asona Deep Dive - Asona-Triton-Avant-15-v2.pdf,Asona,Technical_Manual,acoustic_ceiling,2,0,Text Only
Asona Deep Dive - Asona-Triton-Baffle-Beam-v2.pdf,Asona,Technical_Manual,acoustic_baffle,5,0,Text Only
Asona Deep Dive - Asona-Triton-Cloud-Hygiene-v2.pdf,Asona,Technical_Manual,acoustic_cloud,7,0,Text Only
Asona Deep Dive - Asona-Triton-Defender-50-v2.pdf,Asona,Technical_Manual,acoustic_ceiling,6,0,Text Only
Asona Deep Dive - Asona-Triton-Duo-35-v2.pdf,Asona,Technical_Manual,acoustic_ceiling,3,0,Text Only
Asona Deep Dive - Asona-Triton-Duo-60-v7.pdf,Asona,Technical_Manual,acoustic_ceiling,5,0,Text Only
Asona Deep Dive - Asona-Triton-Fabwall-Bass-v3.pdf,Asona,Technical_Manual,acoustic_ceiling,5,0,Text Only
Asona Deep Dive - Asona-Triton-Fabwall-Installation-Manual-2025.pdf,Asona,Technical_Manual,acoustic_ceiling,28,0,Text Only
Asona Deep Dive - Asona-Triton-Fabwall-v2.pdf,Asona,Technical_Manual,acoustic_ceiling,5,0,Text Only
Asona Deep Dive - Asona-Triton-Hygiene-v2.pdf,Asona,Technical_Manual,acoustic_ceiling,7,0,Text Only
Asona Deep Dive - Asona-Triton-Pool-Panel-v3.pdf,Asona,Technical_Manual,acoustic_ceiling,5,0,Text Only
Asona Deep Dive - Asona-Triton-Sports-40-v3.pdf,Asona,Technical_Manual,acoustic_ceiling,5,0,Text Only
Asona Deep Dive - Asona-Triton-Trio-85-v3.pdf,Asona,Technical_Manual,acoustic_ceiling,4,0,Text Only
Asona Deep Dive - Asona-Ultratone-v3.pdf,Asona,Technical_Manual,perforated_panel,8,0,Text Only
Asona Deep Dive - DE-001-V2-Triton-Defender-50-Mounting-Detail.pdf,Asona,Technical_Manual,acoustic_ceiling,1,0,Text Only
Asona Deep Dive - DE-002-V2-Triton-Defender-50-Securing-Methods.pdf,Asona,Technical_Manual,acoustic_ceiling,1,0,Text Only
Asona Deep Dive - FW-002-V6-Fabwall-Joint-Detail-Options.pdf,Asona,Technical_Manual,acoustic_ceiling,2,0,Text Only
Asona Deep Dive - FW-003-V4-Fabwall-Penetration-Detail.pdf,Asona,Technical_Manual,acoustic_ceiling,1,0,Text Only
Asona Deep Dive - FW-004-V4-Asona-Fabwall-Head-and-Sill-Details-v2.pdf,Asona,Technical_Manual,acoustic_ceiling,1,0,Text Only
Asona Deep Dive - Knauf-Solopanel-v6.pdf,Asona,Technical_Manual,acoustic_ceiling,7,0,Text Only
Asona Deep Dive - Knauf-Stratopanel-v7.pdf,Asona,Technical_Manual,acoustic_ceiling,7,0,Text Only
Asona Deep Dive - OWA-Sinfonia-Balance-v6.pdf,Asona,Technical_Manual,acoustic_ceiling,2,0,Text Only
Asona Deep Dive - OWA-Sinfonia-C-v8.pdf,Asona,Technical_Manual,acoustic_ceiling,4,0,Text Only
Asona Deep Dive - OWA-Sinfonia-Privacy-v7.pdf,Asona,Technical_Manual,acoustic_ceiling,3,0,Text Only
Asona Deep Dive - PD0344-Asona-AO-Gami-Installation-Instructions-WEB.pdf,Asona,Technical_Manual,acoustic_ceiling,1,0,Text Only
Asona Deep Dive - PD0344-Asona-Sonawood-Installation-Guide-WEB-v2.pdf,Asona,Technical_Manual,acoustic_wall,18,0,Text Only
Asona Deep Dive - PD0344-Asona-Triton-Baffle-Beam-Installation-Guide-WEB.pdf,Asona,Technical_Manual,acoustic_baffle,18,0,Text Only
Asona Deep Dive - PD0344-Asona-Ultratone-Installation-Guide-WEB.pdf,Asona,Technical_Manual,perforated_panel,16,0,Text Only
Asona Deep Dive - Rondo-Donn-DXW.pdf,Asona,Technical_Manual,ceiling_grid,1,0,Text Only
Asona Deep Dive - TD-001-V3-Triton-Duo-Direct-Fix-Option.pdf,Asona,Technical_Manual,acoustic_ceiling,1,0,Text Only
Asona Deep Dive - TD-002-V3-Triton-Duo-CLW190-Hold-Down-Clip.pdf,Asona,Technical_Manual,acoustic_ceiling,2,0,Text Only
Asona Deep Dive - TD-003-V3-Triton-Duo-Standard-Section.pdf,Asona,Technical_Manual,acoustic_ceiling,1,0,Text Only
Asona Deep Dive - TR-001-V3-Asona-Triton-Direct-Fix-v3.pdf,Asona,Technical_Manual,acoustic_ceiling,2,0,Text Only
Asona Deep Dive - TR-006-V5-Asona-Triton-Floating-Island-with-Exposed-Grid-v2.pdf,Asona,Technical_Manual,acoustic_ceiling,1,0,Text Only
Asona Deep Dive - TR-007-V4-Asona-Triton-Recessed-Downlight-v20.pdf,Asona,Technical_Manual,acoustic_ceiling,2,0,Text Only
Asona Deep Dive - TR-008-V4-Asona-Triton-Acoustic-Panel-Cover-Join-Options-v10.pdf,Asona,Technical_Manual,acoustic_ceiling,3,0,Text Only
Asona Deep Dive - TR-009-V3-Asona-Triton-Flush-Ceiling-Join-Details-v2.pdf,Asona,Technical_Manual,acoustic_ceiling,4,0,Text Only
Asona Deep Dive - TR-012-V3-Asona-Triton-Penetration-Details-Services-Cavity-v2.pdf,Asona,Technical_Manual,acoustic_ceiling,1,0,Text Only
Asona Deep Dive - TR-013-V3-Asona-Triton-Hip-Junction-Details-v2.pdf,Asona,Technical_Manual,acoustic_ceiling,1,0,Text Only
Asona Deep Dive - TR-014-V3-v2.pdf,Asona,Technical_Manual,acoustic_ceiling,1,0,Text Only
Asona Deep Dive - TR-015-V3-Asona-Triton-Raking-Ceiling-Long-Section-Details-v2.pdf,Asona,Technical_Manual,acoustic_ceiling,2,0,Text Only
Asona Deep Dive - TR-016-V3-Asona-Triton-Insulated-Roof-Lining-v12.pdf,Asona,Technical_Manual,acoustic_ceiling,2,0,Text Only
Asona Deep Dive - TS-001-V3-DHS-Purlin-CLW-05-Clip-Fixing.pdf,Asona,Technical_Manual,acoustic_ceiling,1,0,Text Only
Asona Deep Dive - TS-002-V3-DHS-Purlin-Strap-Fixing.pdf,Asona,Technical_Manual,acoustic_ceiling,4,0,Text Only
Asona Deep Dive - TS-003-V3-Triton-Sports-40-Sports-Panel-Ridge-Detail.pdf,Asona,Technical_Manual,acoustic_ceiling,4,0,Text Only
Asona Deep Dive - TS-005-V4-Triton-Sports-40-1200mm-x-600mm-with-CLW-95-Hold-Down-Clips-v2.pdf,Asona,Technical_Manual,acoustic_ceiling,2,0,Text Only
Asona Deep Dive - TS-011-V4.pdf,Asona,Technical_Manual,acoustic_ceiling,2,0,Text Only
Asona Deep Dive - rondo-nz-datasheet-donn-v2.pdf,Asona,Technical_Manual,ceiling_grid,8,0,Text Only
Asona Deep Dive - rondo-nz-datasheet-key-lock.pdf,Asona,Technical_Manual,ceiling_grid,2,0,Text Only
Asona Deep Dive - tr-003_asona_triton_30mm_services_cavity_11.pdf,Asona,Technical_Manual,acoustic_ceiling,2,0,Text Only
Asona Deep Dive - tr-006_asona_triton_floating_island_with_exposed_grid_11.pdf,Asona,Technical_Manual,acoustic_ceiling,2,0,Text Only
Asona Deep Dive - tr-009_asona_triton_flush_ceiling_join_details_9.pdf,Asona,Technical_Manual,acoustic_ceiling,4,0,Text Only
Asona Deep Dive - tr-010_asona_triton_raking_ceiling_-_long_section_detail_10.pdf,Asona,Technical_Manual,acoustic_ceiling,4,0,Text Only
Asona Deep Dive - tr-015_asona_raking_ceiling_detail_9.pdf,Asona,Technical_Manual,acoustic_ceiling,1,0,Text Only
Autex Deep Dive - 3D Ceiling Tiles Data Sheet.pdf,Autex,Technical_Data_Sheet,acoustic_ceiling,50,0,Text Only
Autex Deep Dive - 3D Ceiling Tiles Install Instructions.pdf,Autex,Installation_Guide,acoustic_ceiling,28,0,Text Only
Autex Deep Dive - 3D Ceiling Tiles Lookbook.pdf,Autex,Technical_Manual,acoustic_ceiling,46,0,Text Only
Autex Deep Dive - 3D Ceiling Tiles Manufacturers Warranty.pdf,Autex,Warranty,acoustic_general,15,0,Text Only
Autex Deep Dive - 3D Tiles Datasheet.pdf,Autex,Technical_Data_Sheet,acoustic_wall,42,0,Text Only
Autex Deep Dive - 3D Tiles Lookbook.pdf,Autex,Technical_Manual,acoustic_wall,37,0,Text Only
Autex Deep Dive - 3D Tiles Manufacturers Warranty.pdf,Autex,Warranty,acoustic_general,15,0,Text Only
Autex Deep Dive - Accent Ceiling Tile Lookbook.pdf,Autex,Technical_Manual,acoustic_ceiling,12,0,Text Only
Autex Deep Dive - Accent Ceiling Tiles Datasheet.pdf,Autex,Technical_Data_Sheet,acoustic_ceiling,34,0,Text Only
Autex Deep Dive - Accent Ceiling Tiles Install Instructions.pdf,Autex,Installation_Guide,acoustic_ceiling,24,0,Text Only
Autex Deep Dive - Accent Ceiling Tiles Manufacturers Guarantee.pdf,Autex,Technical_Manual,acoustic_ceiling,8,0,Text Only
Autex Deep Dive - Acoustic Timber Ceiling Tiles Data Sheet NZ.pdf,Autex,Technical_Data_Sheet,acoustic_timber,31,0,Text Only
Autex Deep Dive - Acoustic Timber Ceiling Tiles Install Instructions.pdf,Autex,Installation_Guide,acoustic_timber,18,0,Text Only
Autex Deep Dive - Acoustic Timber Ceiling Tiles Manufacturers Guarantee.pdf,Autex,Technical_Manual,acoustic_timber,6,0,Text Only
Autex Deep Dive - Acoustic Timber Lookbook NZ.pdf,Autex,Technical_Manual,acoustic_timber,12,0,Text Only
Autex Deep Dive - Acoustic Timber Panel Data Sheet NZ.pdf,Autex,Technical_Data_Sheet,acoustic_timber,25,0,Text Only
Autex Deep Dive - Acoustic Timber Panel Install Instructions.pdf,Autex,Installation_Guide,acoustic_timber,43,0,Text Only
Autex Deep Dive - Acoustic Timber Panel Manufacturers Guarantee.pdf,Autex,Technical_Manual,acoustic_timber,17,0,Text Only
Autex Deep Dive - Acoustic Timber Raft Data Sheet NZ.pdf,Autex,Technical_Data_Sheet,acoustic_timber,30,0,Text Only
Autex Deep Dive - Acoustic Timber Raft Manufacturers Guarantee.pdf,Autex,Technical_Manual,acoustic_timber,9,0,Text Only
Autex Deep Dive - Care and Maintenance.pdf,Autex,Care_Guide,acoustic_general,21,0,Text Only
Autex Deep Dive - Cascade Data Sheet.pdf,Autex,Technical_Data_Sheet,acoustic_screens,32,0,Text Only
Autex Deep Dive - Cascade Installation Instructions.pdf,Autex,Installation_Guide,acoustic_screens,43,0,Text Only
Autex Deep Dive - Cascade Lookbook.pdf,Autex,CAD_Files,acoustic_screens,68,0,Text Only
Autex Deep Dive - Cascade Manufacturers Guarantee.pdf,Autex,CAD_Files,acoustic_screens,3,0,Text Only
Autex Deep Dive - Composition DataSheet NZ_AU.pdf,Autex,Technical_Data_Sheet,acoustic_wall,18,0,Text Only
Autex Deep Dive - Composition Install Instructions.pdf,Autex,Installation_Guide,acoustic_wall,16,0,Text Only
Autex Deep Dive - Composition Lookbook.pdf,Autex,Technical_Manual,acoustic_wall,14,0,Text Only
Autex Deep Dive - Composition Manufacturers Guarantee NZ_AU.pdf,Autex,Technical_Manual,acoustic_wall,5,0,Text Only
Autex Deep Dive - Composition PNS Datasheet.pdf,Autex,Technical_Data_Sheet,acoustic_wall,28,0,Text Only
Autex Deep Dive - Composition PNS Install Instructions.pdf,Autex,Installation_Guide,acoustic_wall,36,0,Text Only
Autex Deep Dive - Composition PNS Lookbook.pdf,Autex,Technical_Manual,acoustic_wall,42,0,Text Only
Autex Deep Dive - Cove Datasheet.pdf,Autex,Technical_Data_Sheet,acoustic_ceiling,22,0,Text Only
Autex Deep Dive - Cove Lookbook.pdf,Autex,Technical_Manual,acoustic_ceiling,8,0,Text Only
Autex Deep Dive - Cove Manufacturers Warranty.pdf,Autex,Warranty,acoustic_general,5,0,Text Only
Autex Deep Dive - Cube Colour Match.pdf,Autex,Color_Chart,acoustic_general,4,0,Text Only
Autex Deep Dive - Cube Datasheet.pdf,Autex,Technical_Data_Sheet,acoustic_wall,24,0,Text Only
Autex Deep Dive - Cube Install Instructions.pdf,Autex,Installation_Guide,acoustic_wall,63,0,Text Only
Autex Deep Dive - Cube Lookbook.pdf,Autex,Technical_Manual,acoustic_wall,8,0,Text Only
Autex Deep Dive - Cube Manufacturers Guarantee.pdf,Autex,Technical_Manual,acoustic_wall,15,0,Text Only
Autex Deep Dive - Custom Surface Finishes guide.pdf,Autex,Installation_Guide,acoustic_wall,13,0,Text Only
Autex Deep Dive - Embrace Install Guide NZ.pdf,Autex,Installation_Guide,acoustic_wall,37,0,Text Only
Autex Deep Dive - Embrace Specification Guide.pdf,Autex,Installation_Guide,acoustic_wall,41,0,Text Only
Autex Deep Dive - Frontier Fin Manufacturers Guarantee.pdf,Autex,Technical_Manual,acoustic_screens,24,0,Text Only
Autex Deep Dive - Frontier Fins Data Sheet.pdf,Autex,Technical_Data_Sheet,acoustic_screens,19,0,Text Only
Autex Deep Dive - Frontier Installation Instructions_Metric.pdf,Autex,Installation_Guide,acoustic_screens,174,0,Text Only
Autex Deep Dive - Frontier Lookbook.pdf,Autex,Technical_Manual,acoustic_screens,29,0,Text Only
Autex Deep Dive - Frontier Raft Data Sheet.pdf,Autex,Technical_Data_Sheet,acoustic_screens,31,0,Text Only
Autex Deep Dive - Frontier Raft Manufacturers Warranty.pdf,Autex,Warranty,acoustic_general,27,0,Text Only
Autex Deep Dive - Grid Ceiling Tiles Install Instructions.pdf,Autex,Installation_Guide,acoustic_ceiling,34,0,Text Only
Autex Deep Dive - Grid Ceiling Tiles_Data Sheet.pdf,Autex,Technical_Data_Sheet,acoustic_ceiling,41,0,Text Only
Autex Deep Dive - Grid Ceiling Tiles_Lookbook.pdf,Autex,Technical_Manual,acoustic_ceiling,16,0,Text Only
Autex Deep Dive - Grid Ceiling Tiles_Manufacturers Guarantee.pdf,Autex,Technical_Manual,acoustic_ceiling,25,0,Text Only
Autex Deep Dive - Groove Information Sheet.pdf,Autex,Technical_Manual,acoustic_wall,10,0,Text Only
Autex Deep Dive - Groove Install Instructions.pdf,Autex,Installation_Guide,acoustic_wall,57,0,Text Only
Autex Deep Dive - Groove Specification Guide NZ.pdf,Autex,Installation_Guide,acoustic_wall,149,0,Text Only
Autex Deep Dive - Highly Humid Environments.pdf,Autex,Technical_Manual,acoustic_ceiling,27,0,Text Only
Autex Deep Dive - Horizon Data Sheet.pdf,Autex,Technical_Data_Sheet,acoustic_ceiling,55,0,Text Only
Autex Deep Dive - Horizon Install Instructions.pdf,Autex,Installation_Guide,acoustic_ceiling,53,0,Text Only
Autex Deep Dive - Horizon Lookbook.pdf,Autex,Technical_Manual,acoustic_ceiling,9,0,Text Only
Autex Deep Dive - Horizon Manufacturers Guarantee.pdf,Autex,Technical_Manual,acoustic_ceiling,20,0,Text Only
Autex Deep Dive - IA_RE - NZ ReForm Install Instructions_March24_MG.pdf,Autex,Installation_Guide,acoustic_wall,71,0,Text Only
Autex Deep Dive - Lanes Data Sheet WEB.pdf,Autex,Technical_Data_Sheet,acoustic_wall,31,0,Text Only
Autex Deep Dive - Lanes Install Instructions WEB.pdf,Autex,Installation_Guide,acoustic_wall,21,0,Text Only
Autex Deep Dive - Lanes Lookbook.pdf,Autex,Technical_Manual,acoustic_wall,22,0,Text Only
Autex Deep Dive - Lanes Manufacturers Guarantee WEB.pdf,Autex,Technical_Manual,acoustic_wall,12,0,Text Only
Autex Deep Dive - Lattice Data Sheet.pdf,Autex,Technical_Data_Sheet,acoustic_ceiling,52,0,Text Only
Autex Deep Dive - Lattice Install Instructions.pdf,Autex,Installation_Guide,acoustic_ceiling,30,0,Text Only
Autex Deep Dive - Lattice Lookbook.pdf,Autex,Technical_Manual,acoustic_ceiling,4,0,Text Only
Autex Deep Dive - Lattice Manufacturers Guarantee.pdf,Autex,Technical_Manual,acoustic_ceiling,7,0,Text Only
Autex Deep Dive - Material Safety Datasheet.pdf,Autex,Technical_Data_Sheet,acoustic_wall,30,0,Text Only
Autex Deep Dive - Mirage Data Sheet.pdf,Autex,Technical_Data_Sheet,acoustic_wall,42,0,Text Only
Autex Deep Dive - Mirage Install Instructions NZ UK.pdf,Autex,Installation_Guide,acoustic_wall,95,0,Text Only
Autex Deep Dive - Mirage Lookbook NZ UK.pdf,Autex,Technical_Manual,acoustic_wall,56,0,Text Only
Autex Deep Dive - Mirage Manufacturer's Guarantee NZ UK.pdf,Autex,Technical_Manual,acoustic_wall,9,0,Text Only
Autex Deep Dive - NZ Product Information Requirements.pdf,Autex,Technical_Manual,acoustic_ceiling,235,0,Text Only
Autex Deep Dive - NZ_Colour Guide.pdf,Autex,Installation_Guide,acoustic_general,97,0,Text Only
Autex Deep Dive - QS NZ Panel Install Instructions.pdf,Autex,Installation_Guide,acoustic_wall,25,0,Text Only
Autex Deep Dive - QS NZ Panel Manufacturers Guarantee.pdf,Autex,Technical_Manual,acoustic_wall,14,0,Text Only
Autex Deep Dive - QS NZ Panel_Datasheet.pdf,Autex,Technical_Data_Sheet,acoustic_wall,13,0,Text Only
Autex Deep Dive - QS Panel Lookbook.pdf,Autex,Technical_Manual,acoustic_wall,3,0,Text Only
Autex Deep Dive - ReForm Data Sheet.pdf,Autex,Technical_Data_Sheet,acoustic_wall,5,0,Text Only
Autex Deep Dive - ReForm Lookbook.pdf,Autex,Technical_Manual,acoustic_wall,13,0,Text Only
Autex Deep Dive - ReForm Manufacturers Guarantee.pdf,Autex,Technical_Manual,acoustic_wall,7,0,Text Only
Autex Deep Dive - SpinFix Product Guide.pdf,Autex,Installation_Guide,acoustic_wall,7,0,Text Only
Autex Deep Dive - Surface Finishes Install Instructions.pdf,Autex,Installation_Guide,acoustic_wall,11,0,Text Only
Autex Deep Dive - Surface Finishes Lookbook.pdf,Autex,Technical_Manual,acoustic_wall,20,0,Text Only
Autex Deep Dive - Surface Finishes Manufacturers Guarantee.pdf,Autex,Technical_Manual,acoustic_wall,5,0,Text Only
Autex Deep Dive - Vertiface Datasheet.pdf,Autex,Technical_Data_Sheet,acoustic_wall,9,0,Text Only
Autex Deep Dive - Vertiface Install Instructions.pdf,Autex,Installation_Guide,acoustic_wall,23,0,Text Only
Autex Deep Dive - Vertiface Lookbook.pdf,Autex,Technical_Manual,acoustic_wall,2,0,Text Only
Autex Deep Dive - Vertiface Manufacturers Warranty.pdf,Autex,Warranty,acoustic_general,11,0,Text Only
Autex Deep Dive - Vicinity Workstation Path to specify NZ.pdf,Autex,Technical_Manual,acoustic_screens,5,0,Text Only
Autex Deep Dive - Vicinity Workstation Screens Data Sheet NZ.pdf,Autex,Technical_Data_Sheet,acoustic_screens,14,0,Text Only
Autex Deep Dive - Vicinity Workstation Screens Install Instructions NZ.pdf,Autex,Installation_Guide,acoustic_screens,9,0,Text Only
Autex Deep Dive - Vicinity Workstation Screens Lookbook NZ.pdf,Autex,Technical_Manual,acoustic_screens,16,0,Text Only
Autex Deep Dive - Vicinity Workstation Screens Manufacturers Guarantee.pdf,Autex,Technical_Manual,acoustic_screens,17,0,Text Only
Autex Deep Dive - Wool Fabric Care and Maintenance Guide NZ.pdf,Autex,Installation_Guide,acoustic_general,5,0,Text Only
B1-Structure-Amendment13,NZ Building Code,Compliance_Document,acceptable_solution,275,0,Text Only
Bradford Deep Dive - 15934_633 Rangitukia Road Tikitiki_Ground Investigation Report.pdf,Bradford,Product_Manual,general_insulation,8,0,Text Only
Bradford Deep Dive - 1894_yConnect_Document_Anticon Residential Install Guide_Method 1_Vertical rollout over battens.pdf,Bradford,Product_Manual,general_insulation,12,0,Text Only
Bradford Deep Dive - 1895_yConnect_Document_Anticon Residential Install Guide_Method 2_Horizontal rollout over battens.pdf,Bradford,Installation_Guide,general_insulation,12,0,Text Only
Bradford Deep Dive - 1896_yConnect_Document_Anticon Residential Install Guide_Method 3_Horizontal rollout under battens.pdf,Bradford,Product_Manual,roof_insulation,4,0,Text Only
Bradford Deep Dive - 1900_yConnect_Document_Ashgrid Spacer System Installation Guide.pdf,Bradford,Product_Manual,general_insulation,5,0,Text Only
Bradford Deep Dive - 1929_yConnect_Document_Bradford Glasswool Insulation SDS _GW_005_221025.pdf,Bradford,Safety_Data_Sheet,general_insulation,22,0,Text Only
Bradford Deep Dive - 1930_yConnect_Document_Installation Instructions - Ceiling Insulation.pdf,Bradford,Product_Manual,general_insulation,2,0,Text Only
Bradford Deep Dive - 1931_yConnect_Document_Installation Instructions - Wall Insulation.pdf,Bradford,Product_Manual,wall_insulation,1,0,Text Only
Bradford Deep Dive - 1936_yConnect_Document_Optimo Retrofit Brochure.pdf,Bradford,Product_Guide,underfloor_insulation,3,0,Text Only
Bradford Deep Dive - 1937_yConnect_Document_Optimo Underfloor Insulation Installation Instructions.pdf,Bradford,Product_Manual,underfloor_insulation,2,0,Text Only
Bradford Deep Dive - 1939_yConnect_Document_Quietel Product Technical Statement.pdf,Bradford,Technical_Data_Sheet,acoustic_insulation,15,0,Text Only
Bradford Deep Dive - 1941_yConnect_Document_Bradford Stone Wool Insulation SDS_RW_003_221025.pdf,Bradford,Safety_Data_Sheet,general_insulation,30,0,Text Only
Bradford Deep Dive - 2150_yConnect_Document_Installation Guide Roof Valve With Duct Collar.pdf,Bradford,Product_Manual,roof_insulation,13,0,Text Only
Bradford Deep Dive - 2155_yConnect_Document_Brochure SOLARXVENT.pdf,Bradford,Product_Guide,powered_ventilation,1,0,Text Only
Bradford Deep Dive - 2156_yConnect_Document_SOLARXVENT Product Technical Statement.pdf,Bradford,Technical_Data_Sheet,roof_ventilation,11,0,Text Only
Bradford Deep Dive - 2157_yConnect_Document_Installation Guide SOLARXVENT.pdf,Bradford,Product_Manual,roof_ventilation,14,0,Text Only
Bradford Deep Dive - 2167_yConnect_Document_Installation Guide Roof Valve.pdf,Bradford,Product_Manual,roof_insulation,2,0,Text Only
Bradford Deep Dive - 2174_yConnect_Document_WINDMASTER DTC Product Technical Statement.pdf,Bradford,Technical_Data_Sheet,roof_ventilation,17,0,Text Only
Bradford Deep Dive - 2175_yConnect_Document_Installation Guide WINDMASTER.pdf,Bradford,Installation_Guide,roof_ventilation,14,0,Text Only
Bradford Deep Dive - 2177_yConnect_Document_WINDMASTER Product Technical Statement.pdf,Bradford,Technical_Data_Sheet,roof_ventilation,16,0,Text Only
Bradford Deep Dive - 2179_yConnect_Document_Technical Data Sheet Special Base.pdf,Bradford,Technical_Data_Sheet,roof_ventilation,16,0,Text Only
Bradford Deep Dive - 2182_yConnect_Document_SUPAVENT Product Technical Statement.pdf,Bradford,Technical_Data_Sheet,general_ventilation,31,0,Text Only
Bradford Deep Dive - 2184_yConnect_Document_TURBOBEAM Product Technical Statement.pdf,Bradford,Technical_Data_Sheet,roof_ventilation,27,0,Text Only
Bradford Deep Dive - 2185_yConnect_Document_Turboventura Product Technical Statement.pdf,Bradford,Technical_Data_Sheet,general_ventilation,48,0,Text Only
Bradford Deep Dive - 2189_yConnect_Document_Technical Data Sheet Egg Crate Grille.pdf,Bradford,Technical_Data_Sheet,general_ventilation,2,0,Text Only
Bradford Deep Dive - 2191_yConnect_Document_Product Technical Statement HURRICANE BAL Turbone Ventilator.pdf,Bradford,Technical_Data_Sheet,roof_ventilation,40,0,Text Only
Bradford Deep Dive - 2198_yConnect_Document_Brochure HURRICANE Wind Ventilation.pdf,Bradford,Product_Guide,general_ventilation,108,0,Text Only
Bradford Deep Dive - 2199_yConnect_Document_HURRICANE Standard Product Technical Statement.pdf,Bradford,Technical_Data_Sheet,roof_ventilation,47,0,Text Only
Bradford Deep Dive - 2200_yConnect_Document_Technical Data Sheet I-Duct.pdf,Bradford,Technical_Data_Sheet,general_insulation,2,0,Text Only
Bradford Deep Dive - 2205_yConnect_Document_Product Technical Statement AIROMATIC.pdf,Bradford,Technical_Data_Sheet,roof_insulation,37,0,Text Only
Bradford Deep Dive - 2207_yConnect_Document_Brochure Commercial Product Range.pdf,Bradford,Product_Guide,general_ventilation,74,0,Text Only
Bradford Deep Dive - 2214_yConnect_Document_Brochure ECOPOWER Hybrid Ventilation.pdf,Bradford,Product_Guide,general_ventilation,148,0,Text Only
Bradford Deep Dive - 2216_yConnect_Document_Technical Data Sheet ECOPOWER.pdf,Bradford,Technical_Data_Sheet,general_ventilation,85,0,Text Only
Bradford Deep Dive - 2218_yConnect_Document_Installation Guide GENERAL PURPOSE VENT.pdf,Bradford,Product_Manual,roof_insulation,8,0,Text Only
Bradford Deep Dive - 2220_yConnect_Document_Installation Guide MAESTRO BAL.pdf,Bradford,Product_Manual,general_ventilation,98,0,Text Only
Bradford Deep Dive - 2222_yConnect_Document_GENERAL PURPOSE VENT Technical Data Sheet.pdf,Bradford,Technical_Data_Sheet,general_ventilation,12,0,Text Only
Bradford Deep Dive - 2223_yConnect_Document_Installation Guide ECOFAN.pdf,Bradford,Product_Manual,wall_insulation,45,0,Text Only
Bradford Deep Dive - 3192_yConnect_Document_Installation Guide AIROMATIC.pdf,Bradford,Product_Manual,roof_insulation,58,0,Text Only
Bradford Deep Dive - 3193_yConnect_Document_Brochure MAESTRO BAL.pdf,Bradford,Product_Guide,general_ventilation,9,0,Text Only
Bradford Deep Dive - 3195_yConnect_Document_Brochure AIROMATIC.pdf,Bradford,Product_Guide,general_ventilation,7,0,Text Only
Bradford Deep Dive - 3196_yConnect_Document_Brochure TURBOVENTURA.pdf,Bradford,Product_Guide,general_ventilation,8,0,Text Only
Bradford Deep Dive - 3200_yConnect_Document_Brochure SUPAVENT.pdf,Bradford,Product_Guide,roof_ventilation,7,0,Text Only
Bradford Deep Dive - 3201_yConnect_Document_Brochure TURBOBEAM.pdf,Bradford,Product_Guide,roof_ventilation,4,0,Text Only
Bradford Deep Dive - 52530_yConnect_Document_Metal_Eave_Vent_Bradford_Ventilation_PTS528_C.pdf,Bradford,Technical_Data_Sheet,general_ventilation,12,0,Text Only
Bradford Deep Dive - 52531_yConnect_Document_Poly_Eave_Vent_Bradford_Ventilation_PTS530_C.pdf,Bradford,Technical_Data_Sheet,general_ventilation,11,0,Text Only
Bradford Deep Dive - 52533_yConnect_Document_Maestro_BAL_Static_Roof_Ventilator_Bradford_Ventilation_PTS540_B.pdf,Bradford,Technical_Data_Sheet,general_ventilation,13,0,Text Only
Bradford Deep Dive - 52538_yConnect_Document_Roof_Valve_BAL_Static_Ventilator_Bradford_Ventilation_PTS518_D.pdf,Bradford,Technical_Data_Sheet,roof_ventilation,23,0,Text Only
Bradford Deep Dive - 52545_yConnect_Document_E-Duct_Ventilator_Bradford_Ventilation_PTS526_B.pdf,Bradford,Technical_Data_Sheet,general_ventilation,9,0,Text Only
Bradford Deep Dive - 52546_yConnect_Document_Hurricane_FR_Turbine_Ventilator_Bradford_Ventilation_PTS514_C.pdf,Bradford,Technical_Data_Sheet,roof_ventilation,12,0,Text Only
Bradford Deep Dive - 52547_yConnect_Document_Roof_Valve_Static_Ventilator_Bradford_Ventilation_PTS510_C.pdf,Bradford,Technical_Data_Sheet,general_ventilation,18,0,Text Only
Bradford Deep Dive - 52550_yConnect_Document_Hurricane_HI_Turbine_Ventilator_Bradford_Ventilation_PTS515_C.pdf,Bradford,Technical_Data_Sheet,general_ventilation,12,0,Text Only
Bradford Deep Dive - 52551_yConnect_Document_Hurricane_S2_Turbine_Ventilator_Bradford_Ventilation_PTS519_B.pdf,Bradford,Technical_Data_Sheet,roof_ventilation,15,0,Text Only
Bradford Deep Dive - 63652_yConnect_Document_WindMaster Flyer.pdf,Bradford,Product_Guide,general_ventilation,4,0,Text Only
Bradford Deep Dive - 63655_yConnect_Document_Residential Ventilation Brochure.pdf,Bradford,Product_Guide,general_ventilation,38,0,Text Only
Bradford Deep Dive - 66859_yConnect_Document_Industrial Vent Installation Manual.pdf,Bradford,Product_Manual,roof_ventilation,72,0,Text Only
Bradford Deep Dive - 69023_yConnect_Document_Residential-natural-ventilator-installation-instructions---metal-and-tile-final.pdf,Bradford,Product_Manual,general_ventilation,17,0,Text Only
Bradford Deep Dive - 69193_yConnect_Document_iduct-educt-static-warranty.pdf,Bradford,Warranty,general_ventilation,5,0,Text Only
Bradford Deep Dive - 69194_yConnect_Document_hurricane-hi-900-warranty.pdf,Bradford,Warranty,roof_ventilation,7,0,Text Only
Bradford Deep Dive - 69195_yConnect_Document_bradford-hurricane-cr-warranty_v2.pdf,Bradford,Warranty,general_ventilation,10,0,Text Only
Bradford Deep Dive - 69197_yConnect_Document_hurricane-fr900-warranty.pdf,Bradford,Warranty,roof_ventilation,4,0,Text Only
Bradford Deep Dive - 69198_yConnect_Document_windmaster-bal-warranty.pdf,Bradford,Warranty,roof_ventilation,6,0,Text Only
Bradford Deep Dive - 69199_yConnect_Document_hurricane-bal-warranty.pdf,Bradford,Warranty,roof_ventilation,5,0,Text Only
Bradford Deep Dive - 69201_yConnect_Document_ecopower-400-900-warranty.pdf,Bradford,Warranty,powered_ventilation,3,0,Text Only
Bradford Deep Dive - 69202_yConnect_Document_windmaster-warranty.pdf,Bradford,Warranty,roof_ventilation,8,0,Text Only
Bradford Deep Dive - 69203_yConnect_Document_turboventura-warrantyw035a2301.pdf,Bradford,Warranty,general_ventilation,5,0,Text Only
Bradford Deep Dive - 69204_yConnect_Document_supavent-and-turbobeam-warranty.pdf,Bradford,Warranty,general_insulation,7,0,Text Only
Bradford Deep Dive - 69205_yConnect_Document_solarxvent-warranty.pdf,Bradford,Warranty,powered_ventilation,5,0,Text Only
Bradford Deep Dive - 69206_yConnect_Document_maestro-bal-standard-warranty.pdf,Bradford,Warranty,general_ventilation,8,0,Text Only
Bradford Deep Dive - 69207_yConnect_Document_roof-valve-warranty.pdf,Bradford,Warranty,general_ventilation,7,0,Text Only
Bradford Deep Dive - 69208_yConnect_Document_ecofan-warranty.pdf,Bradford,Warranty,powered_ventilation,11,0,Text Only
Bradford Deep Dive - 69209_yConnect_Document_airomatic-warranty.pdf,Bradford,Warranty,powered_ventilation,10,0,Text Only
Bradford Deep Dive - 69846_yConnect_Document_Ashgrid Spacer_Bradford_PTS046_B.pdf,Bradford,Technical_Data_Sheet,general_insulation,30,0,Text Only
Bradford Deep Dive - 74365_yConnect_Document_csr-terms-and-conditions-of-sale.pdf,Bradford,Technical_Data_Sheet,general_insulation,26,0,Text Only
Bradford Deep Dive - 74367_yConnect_Document_modern-slavery-statement-csr-limited.pdf,Bradford,Technical_Data_Sheet,general_insulation,88,0,Text Only
Bradford Deep Dive - 74489_yConnect_Document_supplier-code-of-conduct-september-2024.pdf,Bradford,Technical_Data_Sheet,general_insulation,9,0,Text Only
Bradford Deep Dive - 76896_yConnect_Document_Bradford Glasswool Insulation - Class 1 Warranty Certificate.pdf,Bradford,Warranty,roof_insulation,12,0,Text Only
Bradford Deep Dive - 76897_yConnect_Document_Bradford Glasswool Insulation - Class 2-10 Warranty Certificate.pdf,Bradford,Warranty,roof_insulation,9,0,Text Only
Bradford Deep Dive - 76900_yConnect_Document_Bradford Rockwool Insulation - Class 1 Insulation Warranty Certificate.pdf,Bradford,Warranty,general_insulation,11,0,Text Only
Bradford Deep Dive - 76901_yConnect_Document_Bradford Rockwool Insulation - Class 2-10 Warranty Certificate.pdf,Bradford,Warranty,general_insulation,3,0,Text Only
Bradford Deep Dive - 77779_yConnect_Document_Installation Instruction - Perimeter Spacer.pdf,Bradford,Product_Manual,general_ventilation,7,0,Text Only
Bradford Deep Dive - 80670_yConnect_Document_Bradford Perimeter Spacer Product Flyer.pdf,Bradford,Product_Guide,general_insulation,4,0,Text Only
Bradford Deep Dive - 80977_yConnect_Document_spacerx-product-technical-statement.pdf,Bradford,Technical_Data_Sheet,general_insulation,38,0,Text Only
Bradford Deep Dive - 83261_yConnect_Document_Bradford Roof Spacer Systems Commercial Product Warranty.pdf,Bradford,Warranty,roof_insulation,16,0,Text Only
Bradford Deep Dive - 83283_yConnect_Document_Bradford PIR Boards Comercial Product Warranty.pdf,Bradford,Warranty,general_insulation,4,0,Text Only
Bradford Deep Dive - 83545_yConnect_Document_roof-valve-bal-flyer.pdf,Bradford,Product_Guide,general_ventilation,4,0,Text Only
Bradford Deep Dive - 85495_yConnect_Document_NZ_anticon-and-anticon-hp-roofing-blanket_bradford_pts361.pdf,Bradford,Technical_Data_Sheet,roof_insulation,31,0,Text Only
Bradford Deep Dive - 85534_yConnect_Document_NZ_glasswool-building-blanket_bradford_pts364_f.pdf,Bradford,Technical_Data_Sheet,general_insulation,15,0,Text Only
Bradford Deep Dive - 85535_yConnect_Document_NZ_Gold Gold Hi-Performance_Bradford_PTS350_E.pdf,Bradford,Technical_Data_Sheet,general_insulation,33,0,Text Only
Bradford Deep Dive - 85537_yConnect_Document_NZ_gw-acoustigard-rolls.pdf,Bradford,Technical_Data_Sheet,wall_insulation,22,0,Text Only
Bradford Deep Dive - 85538_yConnect_Document_NZ_rw-fireseal-party-wall-sealer.pdf,Bradford,Technical_Data_Sheet,wall_insulation,10,0,Text Only
Bradford Deep Dive - 85540_yConnect_Document_NZ_optimo-underfloor-insulation_bradford_pts358_e.pdf,Bradford,Technical_Data_Sheet,underfloor_insulation,12,0,Text Only
Bradford Deep Dive - 85557_yConnect_Document_NZ_multitel-hvac-blanket_bradford_pts368_d.pdf,Bradford,Technical_Data_Sheet,general_insulation,19,0,Text Only
Bradford Deep Dive - 85600_yConnect_Document_NZ_supertel-hvac-blankets_bradford_pts371_d (1).pdf,Bradford,Technical_Data_Sheet,general_insulation,24,0,Text Only
Bradford Deep Dive - 85601_yConnect_Document_NZ_supertel-hvac-boards_bradford_pts370_d.pdf,Bradford,Technical_Data_Sheet,general_insulation,30,0,Text Only
Bradford Deep Dive - 85602_yConnect_Document_NZ_ultratel-hvac-blanket_bradford_pts373_d.pdf,Bradford,Technical_Data_Sheet,general_insulation,18,0,Text Only
Bradford Deep Dive - 85603_yConnect_Document_NZ_ultratel-hvac-boards_bradford_pts372_d.pdf,Bradford,Technical_Data_Sheet,acoustic_insulation,23,0,Text Only
Bradford Deep Dive - 85606_yConnect_Document_NZ_Bradford Fibertex Unfaced_Bradford_PTS351_B.pdf,Bradford,Technical_Data_Sheet,general_insulation,15,0,Text Only
Bradford Deep Dive - 85781_yConnect_Document_NZ_gw-acoustic-gold.pdf,Bradford,Technical_Data_Sheet,general_insulation,11,0,Text Only
C-AS1_2nd-Edition_2023,NZ Building Code,Compliance_Document,acceptable_solution,224,0,Text Only
C-AS2_2nd-Edition_2025,NZ Building Code,Compliance_Document,acceptable_solution,530,0,Text Only
C-AS3_Amendment-4_2019-EXPIRED,NZ Building Code,Compliance_Document,acceptable_solution,49,0,Text Only
C-AS4_Amendment-4_2019-EXPIRED,NZ Building Code,Compliance_Document,acceptable_solution,109,0,Text Only
C-AS5_Amendment-4_2019-EXPIRED,NZ Building Code,Compliance_Document,acceptable_solution,295,0,Text Only
C-AS6_Amendment-4_2019-EXPIRED,NZ Building Code,Compliance_Document,acceptable_solution,235,0,Text Only
C-AS7_Amendment-4_2019-EXPIRED,NZ Building Code,Compliance_Document,acceptable_solution,38,0,Text Only
C-VM2_Amendment-6_2020,NZ Building Code,Compliance_Document,verification_method,228,0,Text Only
CAS3-Amendment4-2019-EXPIRED,NZ Building Code,Compliance_Document,acceptable_solution,174,0,Text Only
CHH Woodproducts - 2017_CHH-_Pinex_SpecificationInstallationGuide_v3-Web.pdf,CHH Woodproducts,Installation_Guide,timber_general,11,0,Text Only
CHH Woodproducts - 20191126CHHWP-TIM-Moulds-on-Timber-Technical-Note-September-2018.pdf,CHH Woodproducts,Technical_Note,framing,2,0,Text Only
CHH Woodproducts - 20191126CHHWP-Trouble-with-Substitutes-Timber-September-2018.pdf,CHH Woodproducts,Technical_Data_Sheet,framing,3,0,Text Only
CHH Woodproducts - Antisapstain-Hylite-NCF-Treated-Pine-Solid-Wood-November-2017-v4.pdf,CHH Woodproducts,Technical_Data_Sheet,treated_timber,69,0,Text Only
CHH Woodproducts - Antisapstain-Treated-Pine-Solid-Wood-July-2017-v3.pdf,CHH Woodproducts,Technical_Data_Sheet,treated_timber,55,0,Text Only
CHH Woodproducts - CCA-Treated-Pine-Solid-Wood-May-2018-v2.pdf,CHH Woodproducts,Technical_Data_Sheet,treated_timber,49,0,Text Only
CHH Woodproducts - CHH-H1.2-Boron-Treated-Pine-Solid-Wood-V-15.1.1.1-Sept-2019.pdf,CHH Woodproducts,Technical_Data_Sheet,treated_timber,49,0,Text Only
CHH Woodproducts - CHHTimberLaserframe68x34CeilingBattenPTSAndBPISCurrent.pdf,CHH Woodproducts,Technical_Data_Sheet,framing,9,0,Text Only
CHH Woodproducts - CHHTimberLaserframeResidentialApplicationsPTSAndBPISCurrent.pdf,CHH Woodproducts,Technical_Data_Sheet,framing,11,0,Text Only
CHH Woodproducts - CHHTimberPinexAnchorPilesPTSAndBPISCurrent.pdf,CHH Woodproducts,Technical_Data_Sheet,framing,8,0,Text Only
CHH Woodproducts - CHHTimberPinexHousePilesPTSAndBPISCurrent-.pdf,CHH Woodproducts,Technical_Data_Sheet,framing,3,0,Text Only
CHH Woodproducts - CHHTimberPinexPostsRailsandPalingsPTSAndBPISCurrent.pdf,CHH Woodproducts,Technical_Data_Sheet,framing,8,0,Text Only
CHH Woodproducts - CHHTimberPinexVerifiedPTSAndBPISCurrent.pdf,CHH Woodproducts,Technical_Data_Sheet,framing,19,0,Text Only
CHH Woodproducts - LaserframeProductGuideCurrent.pdf,CHH Woodproducts,Product_Guide,framing,10,0,Text Only
CHH Woodproducts - Timber-CHH-LOSP-Azole-Treated-Solid-Wood-Timber-September-2018.pdf,CHH Woodproducts,Technical_Data_Sheet,treated_timber,38,0,Text Only
E1-AS1_1st-Edition-Amd12-2024,NZ Building Code,Compliance_Document,acceptable_solution,28,0,Text Only
E2-AS1_4th-Edition-2025,NZ Building Code,Compliance_Document,acceptable_solution,237,0,Text Only
E3-AS1_2nd-Edition-Amd7-2020,NZ Building Code,Compliance_Document,acceptable_solution,64,0,Text Only
Earthwool Deep Dive - BRANZ Certificate.pdf,Earthwool,Certification,wall_insulation,35,0,Text Only
Earthwool Deep Dive - CodeMark Certificate.pdf,Earthwool,Certification,ceiling_insulation,108,0,Text Only
Earthwool Deep Dive - Earthwool Glasswool Product Guide.pdf,Earthwool,Installation_Guide,underfloor_insulation,78,0,Text Only
Earthwool Deep Dive - Earthwool glasswool Building Product Information Sheet.pdf,Earthwool,BPIR_Declaration,acoustic_insulation,33,0,Text Only
Earthwool Deep Dive - Earthwool glasswool Ceiling - Skillion Roof Datasheet.pdf,Earthwool,Technical_Data_Sheet,ceiling_insulation,16,0,Text Only
Earthwool Deep Dive - Earthwool glasswool Ceiling Installation Instructions.pdf,Earthwool,Installation_Guide,ceiling_insulation,10,0,Text Only
Earthwool Deep Dive - Earthwool glasswool Floorshield Underfloor Datasheet.pdf,Earthwool,Technical_Data_Sheet,underfloor_insulation,10,0,Text Only
Earthwool Deep Dive - Earthwool glasswool Floorshield Underfloor Installation Instructions.pdf,Earthwool,Installation_Guide,underfloor_insulation,10,0,Text Only
Earthwool Deep Dive - Earthwool glasswool Product Finder.pdf,Earthwool,Product_Guide,ceiling_insulation,16,0,Text Only
Earthwool Deep Dive - Earthwool glasswool Product Flyer.pdf,Earthwool,Product_Guide,general_insulation,8,0,Text Only
Earthwool Deep Dive - Earthwool glasswool R1.3 Wall and Ceiling Installation Instructions.pdf,Earthwool,Installation_Guide,wall_insulation,12,0,Text Only
Earthwool Deep Dive - Earthwool glasswool Underfloor Roll Datasheet.pdf,Earthwool,Technical_Data_Sheet,underfloor_insulation,12,0,Text Only
Earthwool Deep Dive - Earthwool glasswool Underfloor Roll Installation Instructions.pdf,Earthwool,Installation_Guide,underfloor_insulation,10,0,Text Only
Earthwool Deep Dive - Earthwool glasswool Wall Installation Instructions.pdf,Earthwool,Installation_Guide,wall_insulation,12,0,Text Only
Earthwool Deep Dive - Knauf Insulation Internal Partition Datasheet.pdf,Earthwool,Technical_Data_Sheet,wall_insulation,13,0,Text Only
Ecko Master Library (PlaceMakers),Ecko,Product_Catalog,decking,333,0,Text Only
Expol Deep Dive - 256_2020_A1.pdf,Expol,Technical_Manual,underfloor_insulation,17,0,Text Only
Expol Deep Dive - Building-Product-Information-Sheet-EXPOL-EPS-Sheet-aug-27-2024.pdf,Expol,Technical_Manual,slab_insulation,8,0,Text Only
Expol Deep Dive - Building-Product-Information-Sheet-EXPOL-Emperor-Panel-April-2023.pdf,Expol,Technical_Manual,board_insulation,4,0,Text Only
Expol Deep Dive - Building-Product-Information-Sheet-EXPOL-GeoFoam-April-2023.pdf,Expol,Technical_Manual,structural_fill,23,0,Text Only
Expol Deep Dive - Building-Product-Information-Sheet-EXPOL-SLABX200-aug-2024.pdf,Expol,Technical_Manual,slab_insulation,16,0,Text Only
Expol Deep Dive - Building-Product-Information-Sheet-EXPOL-ThermaSlab-Edge-July-2023.pdf,Expol,Technical_Manual,slab_insulation,16,0,Text Only
Expol Deep Dive - Building-Product-Information-Sheet-EXPOL-Tuff-Pods-April-2023.pdf,Expol,Technical_Manual,structural_fill,20,0,Text Only
Expol Deep Dive - Building-Product-Information-Sheet-EXPOL-XPS-Sheet-July-2023.pdf,Expol,Technical_Manual,board_insulation,11,0,Text Only
Expol Deep Dive - EXPOL-FastLine-A4-dbl-side-NOV2024.pdf,Expol,Technical_Manual,board_insulation,5,0,Text Only
Expol Deep Dive - EXPOL-Garage-Door-Insulation-Brochure-2022.pdf,Expol,Product_Guide,expol_general,11,0,Text Only
Expol Deep Dive - EXPOL-GeoFoam-Technical-Guide-2022.pdf,Expol,Technical_Manual,structural_fill,19,0,Text Only
Expol Deep Dive - EXPOL-MAXEdge-Brochure.pdf,Expol,Product_Guide,expol_general,10,0,Text Only
Expol Deep Dive - EXPOL-SLABX200-A4-dbl-side-web-OCT-2024.pdf,Expol,Technical_Manual,slab_insulation,10,0,Text Only
Expol Deep Dive - EXPOL-Tech-Guide-2025-webv1.pdf,Expol,Technical_Manual,expol_general,189,0,Text Only
Expol Deep Dive - EXPOL-Technical-Guide-2023-POD-Floor-Systems-Section.pdf,Expol,Technical_Manual,structural_fill,2,0,Text Only
Expol Deep Dive - EXPOL-Technical-Guide-2023-UnderFloor-Section.pdf,Expol,Technical_Manual,underfloor_insulation,8,0,Text Only
Expol Deep Dive - EXPOL-ThermaSlab-Edge-Brochure-August2023.pdf,Expol,Product_Guide,expol_general,5,0,Text Only
Expol Deep Dive - Technical Data Sheet - EXPOL GeoFoam Family (EPS) (August 2025).pdf,Expol,Technical_Data_Sheet,structural_fill,9,0,Text Only
Expol Deep Dive - Technical Data Sheet - EXPOL SLABX200 (EPS) (September 2022).pdf,Expol,Technical_Data_Sheet,slab_insulation,6,0,Text Only
Expol Deep Dive - Technical Data Sheet - EXPOL StyroDrain (EPS) (September 2022).pdf,Expol,Technical_Data_Sheet,drainage,6,0,Text Only
Expol Deep Dive - Technical Data Sheet - EXPOL ThermaSlab Edge (XPS) (July 2023).pdf,Expol,Technical_Data_Sheet,slab_insulation,6,0,Text Only
Expol Deep Dive - Technical Data Sheet - EXPOL ThermaSlab Family (EPS) (August 2025).pdf,Expol,Technical_Data_Sheet,slab_insulation,8,0,Text Only
Expol Deep Dive - Technical Data Sheet - EXPOL UnderFloor Insulation Family (August 2025).pdf,Expol,Technical_Data_Sheet,underfloor_insulation,7,0,Text Only
Expol Deep Dive - Technical-Data-Sheet-EXPOL-Platinum-Board-EPS-December-2024.pdf,Expol,Technical_Manual,board_insulation,5,0,Text Only
Expol Deep Dive - Technical-Data-Sheet-EXPOL-X-XPS-July-2023.pdf,Expol,Technical_Manual,board_insulation,8,0,Text Only
F4-AS1_Amendment-6-2021,NZ Building Code,Compliance_Document,acceptable_solution,46,0,Text Only
F6-AS1_Amendment-3-2021,NZ Building Code,Compliance_Document,acceptable_solution,58,0,Text Only
F7-AS1_5th-Edition-2023,NZ Building Code,Compliance_Document,acceptable_solution,26,0,Text Only
Fasteners Full Suite,Fasteners,Technical_Data_Sheet,fasteners,893,0,Text Only
Final Sweep - Bremick,Bremick,Product_Catalog,screws,526,0,Text Only
Final Sweep - Buildex,Buildex,Product_Catalog,fasteners,536,0,Text Only
Final Sweep - Delfast,Delfast,Product_Catalog,fasteners,208,0,Text Only
Final Sweep - Ecko,Ecko,Product_Catalog,decking,10,0,Text Only
Final Sweep - MacSim,MacSim,Product_Catalog,screws,3637,0,Text Only
Final Sweep - Mainland_Fasteners,Mainland Fasteners,Product_Catalog,fasteners,100,0,Text Only
Final Sweep - MiTek,MiTek,Product_Catalog,fasteners,37,0,Text Only
Final Sweep - NZSIP,NZSIP,Product_Catalog,fasteners,181,0,Text Only
Final Sweep - NZ_Nails,NZ Nails,Product_Catalog,fasteners,3,0,Text Only
Final Sweep - Paslode,Paslode,Product_Catalog,fasteners,121,0,Text Only
Final Sweep - PlaceMakers,PlaceMakers,Product_Catalog,fasteners,172,0,Text Only
Final Sweep - Pryda,Pryda,Product_Catalog,framing,228,0,Text Only
Final Sweep - Ramset,Ramset,Product_Catalog,fasteners,11,0,Text Only
Final Sweep - SPAX,SPAX,Product_Catalog,fasteners,279,0,Text Only
Final Sweep - Simpson_Strong_Tie,Simpson Strong Tie,Product_Catalog,bracing,359,0,Text Only
Final Sweep - Titan,Titan,Technical_Data_Sheet,fasteners,13,0,Text Only
Final Sweep - Zenith,Zenith,Product_Catalog,fasteners,5241,0,Text Only
Firth Deep Dive (Universal),Firth,Technical_Manual,foundations,513,0,Text Only
G12-AS1_3rd-Edition-Amd14-2024,NZ Building Code,Compliance_Document,acceptable_solution,66,0,Text Only
G13-AS1_3rd-Edition-Amd14-2024,NZ Building Code,Compliance_Document,acceptable_solution,93,0,Text Only
GIB Full Suite,GIB,Installation_Guide,interior_linings,701,0,Text Only
GIB Site Guide 2024,GIB,Installation_Guide,interior_linings,325,0,Text Only
GIB-Bracing-Supplement-2016,NZ Building Code,Compliance_Document,technical_manual,40,0,Text Only
GIB-EzyBrace-Systems-2016,NZ Building Code,Compliance_Document,technical_manual,61,0,Text Only
GIB-Fire-Systems-Manual,NZ Building Code,Compliance_Document,technical_manual,292,0,Text Only
GreenStuf Deep Dive - AAB Datasheet.pdf,GreenStuf,Technical_Data_Sheet,acoustic_insulation,12,0,Text Only
GreenStuf Deep Dive - AAB Install Instructions.pdf,GreenStuf,Installation_Guide,acoustic_insulation,15,0,Text Only
GreenStuf Deep Dive - ADW Autex Duct Wrap Datasheet.pdf,GreenStuf,Technical_Data_Sheet,duct_insulation,9,0,Text Only
GreenStuf Deep Dive - ARD Autex Rigid Duct Liner Datasheet.pdf,GreenStuf,Technical_Data_Sheet,duct_insulation,10,0,Text Only
GreenStuf Deep Dive - ASB Datasheet.pdf,GreenStuf,Technical_Data_Sheet,acoustic_insulation,16,0,Text Only
GreenStuf Deep Dive - Baffleblock Datasheet.pdf,GreenStuf,Technical_Data_Sheet,acoustic_insulation,13,0,Text Only
GreenStuf Deep Dive - Downlight Installation Guide.pdf,GreenStuf,Product_Guide,general_insulation,6,0,Text Only
GreenStuf Deep Dive - Existing-Homes Brochure.pdf,GreenStuf,Product_Guide,general_insulation,60,0,Text Only
GreenStuf Deep Dive - GIB Noise Control Systems.pdf,GreenStuf,Product_Guide,acoustic_insulation,6,0,Text Only
GreenStuf Deep Dive - GS Durability Warranty.pdf,GreenStuf,Warranty,general_insulation,4,0,Text Only
GreenStuf Deep Dive - GS Residential Guide .pdf,GreenStuf,Product_Guide,general_insulation,86,0,Text Only
GreenStuf Deep Dive - GS Wool Building Product Information Requirements.pdf,GreenStuf,Technical_Data_Sheet,duct_insulation,8,0,Text Only
GreenStuf Deep Dive - GS_NZ_BR_H1 Compliance Toolkit_Nov22_CD.pdf,GreenStuf,Product_Guide,general_insulation,52,0,Text Only
GreenStuf Deep Dive - GS_NZ_DS_BIB_May20_SB.pdf,GreenStuf,Technical_Data_Sheet,wall_insulation,10,0,Text Only
GreenStuf Deep Dive - GS_NZ_PIR Panel_digital.pdf,GreenStuf,Technical_Data_Sheet,general_insulation,9,0,Text Only
GreenStuf Deep Dive - GS_NZ_WT_Certificate of Warranty_Oct23_CD_digital.pdf,GreenStuf,Warranty,general_insulation,6,0,Text Only
GreenStuf Deep Dive - GS_PIR Install Instructions_digital.pdf,GreenStuf,Installation_Guide,general_insulation,8,0,Text Only
GreenStuf Deep Dive - Garage Door Insulation Data Sheet.pdf,GreenStuf,Technical_Data_Sheet,general_insulation,6,0,Text Only
GreenStuf Deep Dive - GreenStuf Product List.pdf,GreenStuf,Product_Guide,duct_insulation,33,0,Text Only
GreenStuf Deep Dive - Masonry Wall Blanket Datasheet.pdf,GreenStuf,Technical_Data_Sheet,masonry_insulation,11,0,Text Only
GreenStuf Deep Dive - Masonry Wall Blanket Install Instructions.pdf,GreenStuf,Installation_Guide,masonry_insulation,6,0,Text Only
GreenStuf Deep Dive - Material Safety Datasheet.pdf,GreenStuf,Technical_Data_Sheet,general_insulation,10,0,Text Only
GreenStuf Deep Dive - Phenolic Foam Board Certificate of Warranty.pdf,GreenStuf,Warranty,duct_insulation,8,0,Text Only
GreenStuf Deep Dive - Phenolic Foam Board Data Sheet.pdf,GreenStuf,Technical_Data_Sheet,duct_insulation,9,0,Text Only
GreenStuf Deep Dive - Phenolic Foam Board Install Instructions.pdf,GreenStuf,Installation_Guide,duct_insulation,6,0,Text Only
GreenStuf Deep Dive - Phenolic Pipe Lagging Data Sheet.pdf,GreenStuf,Technical_Data_Sheet,general_insulation,9,0,Text Only
GreenStuf Deep Dive - Phenolic_PIR Building Product Information Requirements.pdf,GreenStuf,Technical_Data_Sheet,duct_insulation,8,0,Text Only
GreenStuf Deep Dive - Sound Solution Data Sheet.pdf,GreenStuf,Technical_Data_Sheet,acoustic_insulation,14,0,Text Only
GreenStuf Deep Dive - Thermal Ceiling Insulation Data Sheet.pdf,GreenStuf,Technical_Data_Sheet,ceiling_insulation,14,0,Text Only
GreenStuf Deep Dive - Thermal Insulation.pdf,GreenStuf,Installation_Guide,general_insulation,6,0,Text Only
GreenStuf Deep Dive - Thermal Soffit Liner Data Sheet.pdf,GreenStuf,Technical_Data_Sheet,roof_insulation,20,0,Text Only
GreenStuf Deep Dive - Thermal Soffit Liner Install Instructions.pdf,GreenStuf,Installation_Guide,roof_insulation,20,0,Text Only
GreenStuf Deep Dive - Thermal Wall Insulation Data Sheet.pdf,GreenStuf,Technical_Data_Sheet,wall_insulation,11,0,Text Only
GreenStuf Deep Dive - Trade Guide.pdf,GreenStuf,Product_Guide,general_insulation,7,0,Text Only
GreenStuf Deep Dive - Underfloor DataSheet.pdf,GreenStuf,Technical_Data_Sheet,underfloor_insulation,12,0,Text Only
GreenStuf Deep Dive - Underfloor Install Instructions.pdf,GreenStuf,Installation_Guide,underfloor_insulation,11,0,Text Only
GreenStuf Deep Dive - Wool Insulation Data Sheet.pdf,GreenStuf,Technical_Data_Sheet,general_insulation,18,0,Text Only
GreenStuf Deep Dive - Wool Insulation Install Instructions.pdf,GreenStuf,Installation_Guide,general_insulation,5,0,Text Only
GreenStuf Deep Dive - Wool Insulation Material Safety Data Sheet.pdf,GreenStuf,Technical_Data_Sheet,general_insulation,3,0,Text Only
H1-AS1_6th-Edition,NZ Building Code,Compliance_Document,acceptable_solution,254,0,Text Only
H1-VM1_6th-Edition-2025,NZ Building Code,Compliance_Document,verification_method,123,0,Text Only
Internal-WetArea-Membrane-CodeOfPractice_4th-Edition-2020,NZ Building Code,Compliance_Document,industry_code,389,0,Text Only
J&L Duke - 593_2022,J&L Duke,Technical_Data_Sheet,structural_panel,19,0,Text Only
J&L Duke - Inter-Tenancy-Wall-Technical-Literature-1,J&L Duke,Technical_Manual,structural_panel,9,0,Text Only
J&L Duke - J-Frame-Design-Installation-Guide-2025-1,J&L Duke,Installation_Guide,engineered_timber,4,0,Text Only
J&L Duke - J-Frame-and-Exposure-to-the-Elements-1,J&L Duke,Technical_Data_Sheet,engineered_timber,1,0,Text Only
J&L Duke - J-Frame-beam-span-tables-V1.0,J&L Duke,Technical_Data_Sheet,engineered_timber,5,0,Text Only
J&L Duke - J-Frame-stud-span-tables-V1.0,J&L Duke,Technical_Data_Sheet,engineered_timber,3,0,Text Only
J&L Duke - J-frame-BRANZ,J&L Duke,Certification,engineered_timber,10,0,Text Only
J&L Duke - Triboard-Bracing-Details-1,J&L Duke,Technical_Data_Sheet,structural_panel,1,0,Text Only
J&L Duke - Triboard-Brochure-2022-1,J&L Duke,Product_Catalog,structural_panel,7,0,Text Only
J&L Duke - Triboard-Constuction-System-Appraisal-481,J&L Duke,Certification,structural_panel,21,0,Text Only
J&L Duke - Triboard-General-MSDS-2020-1,J&L Duke,Safety_Data_Sheet,structural_panel,11,0,Text Only
J&L Duke - Triboard-Lining-TGV-Panels-Brochure-1,J&L Duke,Product_Catalog,structural_panel,2,0,Text Only
J&L Duke - Triboard-TGV-Lining-Panel-FAQ-1-1,J&L Duke,Product_Guide,interior_linings,2,0,Text Only
J&L Duke - Triboard-Wall-Lining-Installation-Sheet-2022,J&L Duke,Installation_Guide,structural_panel,9,0,Text Only
James Hardie Full Suite,James Hardie,Installation_Guide,cladding,2504,0,Text Only
James Hardie Installation Guides,James Hardie,Installation_Guide,cladding,53,0,Text Only
Kingspan Deep Dive - Kingspan KS1000 RW CodeMark Roof Details Ver. Q4 2023 -Technical Drawings.pdf,Kingspan,CAD_Detail,wall_panel,41,0,Text Only
Kingspan Deep Dive - Kingspan KS1000 RW CodeMark Roof High Humidity Details Ver. Q4 2023 -Technical Drawings.pdf,Kingspan,CAD_Detail,wall_panel,11,0,Text Only
Kingspan Deep Dive - kingspan-aircell-insulation-tape-product-datasheet-en-nz.pdf,Kingspan,Technical_Data_Sheet,insulation_accessories,1,0,Text Only
Kingspan Deep Dive - kingspan-architectural-wall-panel-data-sheet-en-nz.pdf,Kingspan,Technical_Manual,wall_panel,10,0,Text Only
Kingspan Deep Dive - kingspan-architectural-wall-panel-environmental-product-declaration-en-nz-au.pdf,Kingspan,Technical_Manual,kingspan_panels_general,19,0,Text Only
Kingspan Deep Dive - kingspan-architectural-wall-panel-installation-guide-horizontal-en-nz.pdf,Kingspan,Installation_Guide,wall_panel,10,0,Text Only
Kingspan Deep Dive - kingspan-architectural-wall-panel-installation-guide-vertical-en-nz.pdf,Kingspan,Installation_Guide,wall_panel,3,0,Text Only
Kingspan Deep Dive - kingspan-architectural-wall-panel-technical-drawing-horizontal-en-nz.pdf,Kingspan,CAD_Detail,wall_panel,26,0,Text Only
Kingspan Deep Dive - kingspan-architectural-wall-panel-technical-drawing-vertical-en-nz.pdf,Kingspan,CAD_Detail,wall_panel,19,0,Text Only
Kingspan Deep Dive - kingspan-awp-evolution-codemark-certificate-en-nz.pdf,Kingspan,Certification,wall_panel,4,0,Text Only
Kingspan Deep Dive - kingspan-evolution-panelised-facade-environmental-product-declaration-en-nz-au.pdf,Kingspan,CAD_Detail,kingspan_panels_general,19,0,Text Only
Kingspan Deep Dive - kingspan-greenguard-gg300-product-datasheet-en-nz.pdf,Kingspan,Technical_Data_Sheet,below_grade_insulation,5,0,Text Only
Kingspan Deep Dive - kingspan-k-roc-firemaster-wall-panel-data-sheet-en-nz.pdf,Kingspan,Technical_Manual,fire_rated_panel,5,0,Text Only
Kingspan Deep Dive - kingspan-k-roc-firemaster-wall-vertical-technical-drawing-standard-en-nz.pdf,Kingspan,CAD_Detail,fire_rated_panel,5,0,Text Only
Kingspan Deep Dive - kingspan-k-roc-rockspan-wall-horizontal-technical-drawing-standard-en-nz.pdf,Kingspan,CAD_Detail,wall_panel,3,0,Text Only
Kingspan Deep Dive - kingspan-k-roc-rockspan-wall-panel-data-sheet-en-nz.pdf,Kingspan,Technical_Manual,wall_panel,4,0,Text Only
Kingspan Deep Dive - kingspan-k-roc-rockspan-wall-vertical-technical-drawing-standard-en-nz.pdf,Kingspan,CAD_Detail,wall_panel,9,0,Text Only
Kingspan Deep Dive - kingspan-k10-composite-steel-decking-CF60-en-nz.pdf,Kingspan,Technical_Manual,soffit_insulation,2,0,Text Only
Kingspan Deep Dive - kingspan-k10-composite-steel-decking-CFSR-en-nz.pdf,Kingspan,Technical_Manual,soffit_insulation,1,0,Text Only
Kingspan Deep Dive - kingspan-k10-composite-steel-decking-batten-fixing-pattern-en-nz.pdf,Kingspan,Installation_Guide,soffit_insulation,1,0,Text Only
Kingspan Deep Dive - kingspan-k10-concrete-rib-application-en-nz.pdf,Kingspan,Technical_Manual,soffit_insulation,1,0,Text Only
Kingspan Deep Dive - kingspan-k10-concrete-slab-application-en-nz.pdf,Kingspan,Technical_Manual,soffit_insulation,6,0,Text Only
Kingspan Deep Dive - kingspan-k17-concrete-block-external-corner-en-nz.pdf,Kingspan,Technical_Manual,wall_insulation,1,0,Text Only
Kingspan Deep Dive - kingspan-k17-concrete-block-fixing-pattern-option-2-en-nz.pdf,Kingspan,Installation_Guide,wall_insulation,2,0,Text Only
Kingspan Deep Dive - kingspan-k17-concrete-block-inter-story-en-nz.pdf,Kingspan,Technical_Manual,wall_insulation,1,0,Text Only
Kingspan Deep Dive - kingspan-k17-concrete-block-internal-corner-en-nz.pdf,Kingspan,Technical_Manual,wall_insulation,1,0,Text Only
Kingspan Deep Dive - kingspan-k17-concrete-block-k17-steel-ceiling-battens-en-nz.pdf,Kingspan,Technical_Manual,wall_insulation,2,0,Text Only
Kingspan Deep Dive - kingspan-k17-concrete-block-wall-base-en-nz.pdf,Kingspan,Technical_Manual,wall_insulation,1,0,Text Only
Kingspan Deep Dive - kingspan-k17-concrete-block-window-head-en-nz.pdf,Kingspan,Technical_Manual,wall_insulation,3,0,Text Only
Kingspan Deep Dive - kingspan-k17-timber-frame-external-corner-en-nz.pdf,Kingspan,Technical_Manual,wall_insulation,1,0,Text Only
Kingspan Deep Dive - kingspan-k17-timber-frame-internal-corner-en-nz.pdf,Kingspan,Technical_Manual,wall_insulation,1,0,Text Only
Kingspan Deep Dive - kingspan-k17-timber-frame-wall-base-concrete-en-nz.pdf,Kingspan,Technical_Manual,wall_insulation,1,0,Text Only
Kingspan Deep Dive - kingspan-k17-timber-frame-wall-base-timber-en-nz.pdf,Kingspan,Technical_Manual,wall_insulation,1,0,Text Only
Kingspan Deep Dive - kingspan-k17-timber-frame-wall-en-nz.pdf,Kingspan,Technical_Manual,wall_insulation,2,0,Text Only
Kingspan Deep Dive - kingspan-k17-timber-frame-window-head-en-nz.pdf,Kingspan,Technical_Manual,wall_insulation,3,0,Text Only
Kingspan Deep Dive - kingspan-k17-timber-frame-window-jamb-en-nz.pdf,Kingspan,Technical_Manual,wall_insulation,4,0,Text Only
Kingspan Deep Dive - kingspan-k17-timber-frame-window-sill-en-nz.pdf,Kingspan,Technical_Manual,wall_insulation,4,0,Text Only
Kingspan Deep Dive - kingspan-k7-timber-frame-barge-termination-external-rigid-insulation-profiled-metal-cladding-en-nz.pdf,Kingspan,Technical_Manual,roof_insulation,6,0,Text Only
Kingspan Deep Dive - kingspan-k7-timber-frame-continuous-over-rafter-65mm-counter-batten-system-en-nz.pdf,Kingspan,Technical_Manual,roof_insulation,7,0,Text Only
Kingspan Deep Dive - kingspan-k7-timber-frame-continuous-over-rafter-90mm-counter-batten-system-en-nz.pdf,Kingspan,Technical_Manual,roof_insulation,8,0,Text Only
Kingspan Deep Dive - kingspan-k7-timber-frame-continuous-under-rafter-en-nz.pdf,Kingspan,Technical_Manual,roof_insulation,3,0,Text Only
Kingspan Deep Dive - kingspan-k7-timber-frame-eaves-termination-external-rigid-insulation-profiled-metal-cladding-en-nz.pdf,Kingspan,Technical_Manual,roof_insulation,5,0,Text Only
Kingspan Deep Dive - kingspan-k7-timber-frame-flush-to-bottom-of-rafters-en-nz.pdf,Kingspan,Technical_Manual,roof_insulation,3,0,Text Only
Kingspan Deep Dive - kingspan-k7-timber-frame-flush-to-top-of-rafters-continous-over-rafter-en-nz.pdf,Kingspan,Technical_Manual,roof_insulation,3,0,Text Only
Kingspan Deep Dive - kingspan-k7-timber-frame-flush-to-top-of-rafters-en-nz.pdf,Kingspan,Technical_Manual,roof_insulation,3,0,Text Only
Kingspan Deep Dive - kingspan-k7-timber-frame-flush-tobottom-of-rafters-continuous-under-rafter-en-nz.pdf,Kingspan,Technical_Manual,roof_insulation,3,0,Text Only
Kingspan Deep Dive - kingspan-k7-timber-frame-fully-filling-the-depth-of-rafters-en-nz.pdf,Kingspan,Technical_Manual,roof_insulation,2,0,Text Only
Kingspan Deep Dive - kingspan-k7-timber-lockwood-roof-en-nz.pdf,Kingspan,Technical_Manual,roof_insulation,6,0,Text Only
Kingspan Deep Dive - kingspan-koolduct-branz-appraisal-en-nz.pdf,Kingspan,Certification,kingspan_boards_general,36,0,Text Only
Kingspan Deep Dive - kingspan-koolduct-product-datasheet-en-nz.pdf,Kingspan,Technical_Data_Sheet,kingspan_boards_general,16,0,Text Only
Kingspan Deep Dive - kingspan-kooltherm-k10-g2-product-data-sheet-en-nz.pdf,Kingspan,Technical_Manual,soffit_insulation,24,0,Text Only
Kingspan Deep Dive - kingspan-kooltherm-k10-g2w-product-data-sheet-en-nz.pdf,Kingspan,Technical_Manual,soffit_insulation,7,0,Text Only
Kingspan Deep Dive - kingspan-kooltherm-k10-greentag-certificate-en-au.pdf,Kingspan,Certification,soffit_insulation,12,0,Text Only
Kingspan Deep Dive - kingspan-kooltherm-k10-k17-epd-en-au.pdf,Kingspan,EPD,soffit_insulation,1381,0,Text Only
Kingspan Deep Dive - kingspan-kooltherm-k17-product-certificate-en-nz.pdf,Kingspan,Certification,wall_insulation,37,0,Text Only
Kingspan Deep Dive - kingspan-kooltherm-k17-product-data-sheet-en-nz01.pdf,Kingspan,Technical_Manual,wall_insulation,19,0,Text Only
Kingspan Deep Dive - kingspan-kooltherm-k17-user-installation-guide-en-nz01.pdf,Kingspan,Installation_Guide,wall_insulation,26,0,Text Only
Kingspan Deep Dive - kingspan-kooltherm-k20-product-data-sheet-en-nz.pdf,Kingspan,Technical_Manual,wall_insulation,18,0,Text Only
Kingspan Deep Dive - kingspan-kooltherm-k3-product-datasheet-en-nz-1.pdf,Kingspan,Technical_Data_Sheet,floor_insulation,21,0,Text Only
Kingspan Deep Dive - kingspan-kooltherm-k5-product-data-sheet-en-nz.pdf,Kingspan,Technical_Manual,wall_insulation,16,0,Text Only
Kingspan Deep Dive - kingspan-kooltherm-k5-user-installation-guide-en-nz.pdf,Kingspan,Installation_Guide,wall_insulation,10,0,Text Only
Kingspan Deep Dive - kingspan-kooltherm-k7-data-sheet-en-nz.pdf,Kingspan,Technical_Manual,roof_insulation,31,0,Text Only
Kingspan Deep Dive - kingspan-kooltherm-k7-installation-guide-en-nz.pdf,Kingspan,Installation_Guide,roof_insulation,25,0,Text Only
Kingspan Deep Dive - kingspan-kooltherm-k7-k12-epd-en-au.pdf,Kingspan,EPD,roof_insulation,73,0,Text Only
Kingspan Deep Dive - kingspan-ks1000rw-codemark-certificate-en-nz.pdf,Kingspan,Certification,wall_panel,18,0,Text Only
Kingspan Deep Dive - kingspan-ks1000rw-roof-panel-environmental-product-declaration-en-nz-au.pdf,Kingspan,Technical_Manual,kingspan_panels_general,43,0,Text Only
Kingspan Deep Dive - kingspan-ks1000rw-trapezoidal-roof-panel-installation-guide-en-nz.pdf,Kingspan,Installation_Guide,roof_panel,27,0,Text Only
Kingspan Deep Dive - kingspan-ks1000rw-trapezoidal-roof-panel-technical-drawing-standard-en-nz.pdf,Kingspan,CAD_Detail,roof_panel,33,0,Text Only
Kingspan Deep Dive - kingspan-ks1000rw-trapezoidal-roof-wall-data-sheet-en-nz.pdf,Kingspan,Technical_Manual,wall_panel,67,0,Text Only
Kingspan Deep Dive - kingspan-ks1000rw-trapezoidal-wall-panel-installation-guide-horizontal-en-nz.pdf,Kingspan,Installation_Guide,wall_panel,18,0,Text Only
Kingspan Deep Dive - kingspan-ks1000rw-trapezoidal-wall-panel-installation-guide-vertical-en-nz.pdf,Kingspan,Installation_Guide,wall_panel,21,0,Text Only
Kingspan Deep Dive - kingspan-ks1000rw-trapezoidal-wall-panel-technical-drawing-horizontal-en-nz.pdf,Kingspan,CAD_Detail,wall_panel,96,0,Text Only
Kingspan Deep Dive - kingspan-ks1000rw-trapezoidal-wall-panel-technical-drawing-vertical-en-nz.pdf,Kingspan,CAD_Detail,wall_panel,144,0,Text Only
Kingspan Deep Dive - kingspan-ks1000rw-wall-panel-environmental-product-declaration-en-nz-au.pdf,Kingspan,Technical_Manual,kingspan_panels_general,92,0,Text Only
Kingspan Deep Dive - kingspan-ks1100cs-coldstore-panel-data-sheet-en-nz.pdf,Kingspan,Technical_Manual,coldstore_panel,79,0,Text Only
Kingspan Deep Dive - kingspan-ks1100cs-coldstore-panel-environmental-product-declaration-en-nz-au.pdf,Kingspan,Technical_Manual,kingspan_panels_general,111,0,Text Only
Kingspan Deep Dive - kingspan-ks1100cs-coldstore-panel-technical-drawing-standard-en-nz.pdf,Kingspan,CAD_Detail,coldstore_panel,1,0,Text Only
Kingspan Deep Dive - kingspan-ksn1000fc-five-crown-horizontal-wall-technical-drawing-standard-en-nz.pdf,Kingspan,CAD_Detail,roof_panel,55,0,Text Only
Kingspan Deep Dive - kingspan-ksn1000fc-five-crown-roof-technical-drawing-standard-en-nz.pdf,Kingspan,CAD_Detail,roof_panel,60,0,Text Only
Kingspan Deep Dive - kingspan-ksn1000fc-five-crown-vertical-wall-technical-drawing-standard-en-nz.pdf,Kingspan,CAD_Detail,roof_panel,74,0,Text Only
Kingspan Deep Dive - kingspan-steico-insulation-product-data-sheet-en-nz.pdf,Kingspan,Technical_Manual,wall_insulation,2,0,Text Only
Kingspan Deep Dive - kingspan-therma-tr26-product-data-sheet-en-nz.pdf,Kingspan,Technical_Manual,roof_insulation,8,0,Text Only
Kingspan Deep Dive - kingspan-therma-tr27-tt47-product-data-sheet-en-nz.pdf,Kingspan,Technical_Manual,roof_insulation,14,0,Text Only
Kingspan Deep Dive - kingspan-therma-tr28-product-data-sheet-en-nz.pdf,Kingspan,Technical_Manual,roof_insulation,6,0,Text Only
Kingspan Deep Dive - kingspan-therma-tr28-product-installation-guide-en-nz.pdf,Kingspan,Installation_Guide,roof_insulation,2,0,Text Only
Kingspan Deep Dive - kingspan-thermakraft-cavap-alu-product-data-sheet-en-nz.pdf,Kingspan,Technical_Manual,insulation_accessories,1,0,Text Only
Kingspan Deep Dive - kingspan-thermakraft-cavap-alu-user-installation-guide-en-nz.pdf,Kingspan,Installation_Guide,insulation_accessories,1,0,Text Only
Kingspan Deep Dive - kingspan-wall-roof-ceiling-greentag-certification-scope-en-nz-au.pdf,Kingspan,Certification,wall_panel,4,0,Text Only
Kingspan Deep Dive - steico-installation-guide-version-one.pdf,Kingspan,Installation_Guide,wall_insulation,2,0,Text Only
Kingspan Deep Dive - steico-safety-datasheet-msds-0725.pdf,Kingspan,Technical_Data_Sheet,wall_insulation,4,0,Text Only
Kingspan Deep Dive - steico-universal-timber-frame-roof-continuous-over-rafter-65mm-counter-batten-system-en-nz.pdf,Kingspan,Technical_Manual,roof_insulation,1,0,Text Only
Kingspan Deep Dive - steico-universal-timber-frame-roof-continuous-over-rafter-eaves-termination-en-nz.pdf,Kingspan,Technical_Manual,roof_insulation,2,0,Text Only
Kingspan Deep Dive - steico-universal-timber-frame-roof-continuous-over-rafter-ridge-en-nz.pdf,Kingspan,Technical_Manual,roof_insulation,3,0,Text Only
Kingspan Deep Dive - steico-universal-timber-frame-roof-continuous-over-rafter-roof-barge-en-nz.pdf,Kingspan,Technical_Manual,roof_insulation,3,0,Text Only
Kingspan Deep Dive - steico-universal-timber-frame-roof-continuous-over-rafter-valley-en-nz.pdf,Kingspan,Technical_Manual,roof_insulation,3,0,Text Only
Kingspan Deep Dive - steico-universal-timber-frame-structural-batten-wall-base-concrete-en-nz.pdf,Kingspan,Technical_Manual,wall_insulation,4,0,Text Only
Kingspan Deep Dive - steico-universal-timber-frame-structural-batten-wall-base-timber-en-nz.pdf,Kingspan,Technical_Manual,wall_insulation,3,0,Text Only
Kingspan Deep Dive - steico-universal-timber-frame-structural-batten-wall-top-no-soffit-en-nz.pdf,Kingspan,Technical_Manual,wall_insulation,3,0,Text Only
Kingspan Deep Dive - steico-universal-timber-frame-structural-batten-wall-top-to-soffit-en-nz.pdf,Kingspan,Technical_Manual,wall_insulation,3,0,Text Only
Kingspan Deep Dive - steico-universal-timber-frame-wall-structural-batten-external-corner-en-nz.pdf,Kingspan,Technical_Manual,wall_insulation,2,0,Text Only
Kingspan Deep Dive - steico-universal-timber-frame-wall-structural-batten-internal-corner-en-nz.pdf,Kingspan,Technical_Manual,wall_insulation,2,0,Text Only
Kingspan Deep Dive - steico-universal-timber-frame-wall-structural-batten-pipe-penetration-en-nz.pdf,Kingspan,Technical_Manual,wall_insulation,2,0,Text Only
Kingspan Deep Dive - steico-universal-timber-frame-wall-structural-batten-plan-view-en-nz.pdf,Kingspan,Technical_Manual,wall_insulation,2,0,Text Only
Kingspan Deep Dive - steico-universal-timber-frame-wall-structural-batten-window-head-en-nz.pdf,Kingspan,Technical_Manual,wall_insulation,3,0,Text Only
Kingspan Deep Dive - steico-universal-timber-frame-wall-structural-batten-window-jamb-en-nz.pdf,Kingspan,Technical_Manual,wall_insulation,2,0,Text Only
Kingspan Deep Dive - steico-universal-timber-frame-wall-structural-batten-window-sill-en-nz.pdf,Kingspan,Technical_Manual,wall_insulation,3,0,Text Only
Kingspan Deep Dive - steico-universal-timber-frame-wall-structural-floor-level-en-nz.pdf,Kingspan,Technical_Manual,wall_insulation,5,0,Text Only
Kingspan Deep Dive - warranty-new-zealand-v5-0325.pdf,Kingspan,Warranty,kingspan_boards_general,19,0,Text Only
MBIE-Minor-Variation-Guidance,MBIE,MBIE_Guidance,mbie_guidance,1,0,Text Only
MBIE-Schedule-1-Exemptions-Guidance,MBIE,MBIE_Guidance,mbie_guidance,83,0,Text Only
MBIE-Tolerances-Guide,MBIE,MBIE_Guidance,mbie_guidance,40,0,Text Only
Mammoth Deep Dive - Ceiling-blanket-insulation.pdf,Mammoth,Technical_Data_Sheet,general_insulation,10,0,Text Only
Mammoth Deep Dive - InZone-Insulation-EC-25-Cert-to-Apr-26-1.pdf,Mammoth,Certification,general_insulation,2,0,Text Only
Mammoth Deep Dive - Mammoth-Acoustic-Bafflestack-Installation-Guidelines-June-2024.pdf,Mammoth,Installation_Guide,acoustic_insulation,5,0,Text Only
Mammoth Deep Dive - Mammoth-Acoustic-Blanket-Installation-Guidelines-June-2024.pdf,Mammoth,Installation_Guide,acoustic_insulation,8,0,Text Only
Mammoth Deep Dive - Mammoth-Acoustic-Blanket-and-Wall-Sections-BPIR-Dec-v1.0.pdf,Mammoth,BPIR_Declaration,wall_insulation,6,0,Text Only
Mammoth Deep Dive - Mammoth-Acoustic-Panel-Absorber-Installation-Guidelines-June-2024.pdf,Mammoth,Installation_Guide,acoustic_insulation,8,0,Text Only
Mammoth Deep Dive - Mammoth-Acoustic-Panels-BPIR-Dec-v1.1.pdf,Mammoth,BPIR_Declaration,acoustic_insulation,9,0,Text Only
Mammoth Deep Dive - Mammoth-Acoustic-Sections-Installation-Guidelines-June-2024.pdf,Mammoth,Installation_Guide,acoustic_insulation,10,0,Text Only
Mammoth Deep Dive - Mammoth-Appraisal-797.pdf,Mammoth,Certification,general_insulation,27,0,Text Only
Mammoth Deep Dive - Mammoth-Appraisal-802.pdf,Mammoth,Certification,general_insulation,24,0,Text Only
Mammoth Deep Dive - Mammoth-Bafflestack-BPIR-Dec-v1.0.pdf,Mammoth,BPIR_Declaration,acoustic_insulation,8,0,Text Only
Mammoth Deep Dive - Mammoth-Carpark-Panel-Installation-Guidelines-_L.pdf,Mammoth,Installation_Guide,underfloor_insulation,9,0,Text Only
Mammoth Deep Dive - Mammoth-Carpark-Underfloor-BPIR-Dec-v1.0.pdf,Mammoth,BPIR_Declaration,underfloor_insulation,11,0,Text Only
Mammoth Deep Dive - Mammoth-Ceiling-Blanket-Installation-Guidelines-June-2024.pdf,Mammoth,Installation_Guide,ceiling_insulation,12,0,Text Only
Mammoth Deep Dive - Mammoth-Ceiling-Wall-and-Underfloor-Insulation-BPIR-Dec-v1.0.pdf,Mammoth,BPIR_Declaration,underfloor_insulation,8,0,Text Only
Mammoth Deep Dive - Mammoth-Duct-Liner-BPIR-Dec-v1.0.pdf,Mammoth,BPIR_Declaration,duct_insulation,8,0,Text Only
Mammoth Deep Dive - Mammoth-Lifetime-Warranty.pdf,Mammoth,Certification,general_insulation,5,0,Text Only
Mammoth Deep Dive - Mammoth-Material-Safety-Datasheet.pdf,Mammoth,Technical_Data_Sheet,general_insulation,11,0,Text Only
Mammoth Deep Dive - Mammoth-Skillion-Roof-Installation-Guidelines.pdf,Mammoth,Installation_Guide,roof_insulation,8,0,Text Only
Mammoth Deep Dive - Mammoth-Underfloor-Blanket-Installation-Guidelines-June-2024.pdf,Mammoth,Installation_Guide,underfloor_insulation,8,0,Text Only
Mammoth Deep Dive - Mammoth-Underfloor-Sections-Installation-Guidelines-June-2024.pdf,Mammoth,Installation_Guide,underfloor_insulation,6,0,Text Only
Mammoth Deep Dive - Mammoth-Wall-Sections-Blankets-Installation-Guidelines-June-2024.pdf,Mammoth,Installation_Guide,wall_insulation,7,0,Text Only
Mammoth Deep Dive - Mammoth-and-Gib-Noise-Control-Systems.pdf,Mammoth,Technical_Data_Sheet,acoustic_insulation,14,0,Text Only
Mammoth Deep Dive - Martini-dECO-Range-Installation-Guide.pdf,Mammoth,Installation_Guide,acoustic_insulation,10,0,Text Only
Mammoth Deep Dive - Masonry-insulation .pdf,Mammoth,Technical_Data_Sheet,general_insulation,8,0,Text Only
Mammoth Deep Dive - Membership-Certificate-In-Zone-Industries-Ltd.pdf,Mammoth,Certification,general_insulation,2,0,Text Only
Mammoth Deep Dive - Wall-insulation-blanket.pdf,Mammoth,Technical_Data_Sheet,general_insulation,12,0,Text Only
Mammoth Deep Dive - Wall-insulation-sections.pdf,Mammoth,Technical_Data_Sheet,wall_insulation,14,0,Text Only
Mammoth Deep Dive - acoustic-bafflestack.pdf,Mammoth,Technical_Data_Sheet,acoustic_insulation,8,0,Text Only
Mammoth Deep Dive - acoustic-blanket.pdf,Mammoth,Technical_Data_Sheet,acoustic_insulation,11,0,Text Only
Mammoth Deep Dive - acoustic-panel-absorber.pdf,Mammoth,Technical_Data_Sheet,acoustic_insulation,10,0,Text Only
Mammoth Deep Dive - acoustic-wall-sections.pdf,Mammoth,Technical_Data_Sheet,wall_insulation,11,0,Text Only
Mammoth Deep Dive - dECO-Flex-Installation-Guide_NZ_22.pdf,Mammoth,Installation_Guide,acoustic_insulation,4,0,Text Only
Mammoth Deep Dive - duct-insulation-liner.pdf,Mammoth,Technical_Data_Sheet,duct_insulation,11,0,Text Only
Mammoth Deep Dive - martini-deco-deluxe.pdf,Mammoth,Technical_Data_Sheet,acoustic_insulation,10,0,Text Only
Mammoth Deep Dive - martini-deco-flex.pdf,Mammoth,Technical_Data_Sheet,acoustic_insulation,8,0,Text Only
Mammoth Deep Dive - martini-deco-quiet-board.pdf,Mammoth,Technical_Data_Sheet,acoustic_insulation,10,0,Text Only
Mammoth Deep Dive - martini-deco-quiet-panel.pdf,Mammoth,Technical_Data_Sheet,acoustic_insulation,9,0,Text Only
Mammoth Deep Dive - skillion-roof-insulation.pdf,Mammoth,Technical_Data_Sheet,roof_insulation,10,0,Text Only
Mammoth Deep Dive - underfloor-insulation-blanket.pdf,Mammoth,Technical_Data_Sheet,underfloor_insulation,11,0,Text Only
Mammoth Deep Dive - underfloor-insulation-sections.pdf,Mammoth,Technical_Data_Sheet,underfloor_insulation,14,0,Text Only
NZS 3604:2011,Unknown,nz_standard,structure,1,0,Text Only
NZS 4229:2013,Unknown,nz_standard,structure,1,0,Text Only
NZS-36042011,NZ Building Code,Compliance_Document,nz_standard,1147,0,Text Only
NZS-42292013,NZ Building Code,Compliance_Document,nz_standard,412,0,Text Only
Pink Batts Deep Dive,Pink Batts,Technical_Manual,underfloor_insulation,1250,0,Text Only
Red Stag - Boron_Treated_Wood_SDS_2020.pdf,Red Stag,Safety_Data_Sheet,treated_timber,17,0,Text Only
Red Stag - CCA_Treated_Wood_MSDS_2015.pdf,Red Stag,Safety_Data_Sheet,treated_timber,11,0,Text Only
Red Stag - CCA_Treated_Wood_SDS_2020.pdf,Red Stag,Safety_Data_Sheet,treated_timber,5,0,Text Only
Red Stag - LOSP_Treated_Wood_SDS_-_26_Jun_2020.pdf,Red Stag,Safety_Data_Sheet,treated_timber,4,0,Text Only
Red Stag - Non_Structural_Timber_20230922.pdf,Red Stag,Technical_Data_Sheet,treated_timber,2,0,Text Only
Red Stag - Producers_Statement_2025.pdf,Red Stag,Certification,structural_timber,1,0,Text Only
Red Stag - SDS-FramePro-Treated-Wood_002.pdf,Red Stag,Safety_Data_Sheet,framing,4,0,Text Only
Red Stag - Timberwrap_Recycling_options.pdf,Red Stag,Technical_Data_Sheet,posts_rails,1,0,Text Only
SNZ-HB-3604-2011-Selected-Extracts,NZ Building Code,Compliance_Document,nz_standard,870,0,Text Only
WGANZ-Guide-to-E2-AS1-Amd-10-V1.7-November-2022,NZ Building Code,Compliance_Document,industry_guide,10,0,Text Only
b1-structure-as1-second-edition,NZ Building Code,Compliance_Document,acceptable_solution,95,0,Text Only
building-code,NZ Building Code,Compliance_Document,building_code,520,0,Text Only
e2-external-moisture-as1-fourth-edition,NZ Building Code,Compliance_Document,acceptable_solution,110,0,Text Only
nz_metal_roofing,NZ Building Code,Compliance_Document,industry_code,1104,0,Text Only
