agent_zone,Source_Folder,brand,doc_type,filename,ingest_status,agent_text_chunks,agent_visual_assets
Product Rep,A_Structure/Abodo,Abodo Wood,Color_Chart,Abodo Wood - ABODO-New-TMT-Painting-and-Staining-Spec-Nov-2014,Text Only,27,0
Product Rep,A_Structure/Abodo,Abodo Wood,CAD_Detail,Abodo Wood - AW62-180x20mm-Profile-Drawing-Abodo-Wood,Text Only,1,0
Product Rep,A_Structure/Abodo,Abodo Wood,CAD_Detail,Abodo Wood - AW62P-187x18-Profile-Drawing-Abodo-Wood-Jan-18,Text Only,1,0
Product Rep,A_Structure/Abodo,Abodo Wood,Product_Catalog,Abodo Wood - Abodo-Brochure-New-Growth-Feature-Timbers,Text Only,36,0
Product Rep,A_Structure/Abodo,Abodo Wood,Installation_Guide,Abodo Wood - Abodo-CodeMark-Weatherboard-Cladding-System-Manual,Text Only,276,0
Product Rep,A_Structure/Abodo,Abodo Wood,Certification,Abodo Wood - Abodo-Codemark-Certification-2020,Text Only,15,0
Product Rep,A_Structure/Abodo,Abodo Wood,Installation_Guide,Abodo Wood - Abodo-Guidelines-for-Vulcan-Cladding-Standard-Series-Clear-2-Laminated-Grade,Text Only,2,0
Product Rep,A_Structure/Abodo,Abodo Wood,Installation_Guide,Abodo Wood - Abodo-Mixed-Length-Specification-Export,Text Only,1,0
Product Rep,A_Structure/Abodo,Abodo Wood,Safety_Data_Sheet,Abodo Wood - Abodo-Safety-Data-Sheet-End-Seal-MAY-23-V3,Text Only,23,0
Product Rep,A_Structure/Abodo,Abodo Wood,Safety_Data_Sheet,Abodo Wood - Abodo-Safety-Data-Sheet-NZ-Protector-Jan-24,Text Only,119,0
Product Rep,A_Structure/Abodo,Abodo Wood,Safety_Data_Sheet,Abodo Wood - Abodo-Safety-Data-Sheet-Vulcan,Text Only,12,0
Product Rep,A_Structure/Abodo,Abodo Wood,Safety_Data_Sheet,Abodo Wood - Abodo-Safety-Data-Sheet_Rejuvenator-Wood-Cleaner-May-22,Text Only,25,0
Product Rep,A_Structure/Abodo,Abodo Wood,Installation_Guide,Abodo Wood - Abodo-Semi-Vertical-Grain-SVG-Grain-Orientation-Guidelines,Text Only,2,0
Product Rep,A_Structure/Abodo,Abodo Wood,Installation_Guide,Abodo Wood - Abodo-Sioox-Wood-Protection-Manual-Apr-23,Text Only,37,0
Product Rep,A_Structure/Abodo,Abodo Wood,Technical_Manual,Abodo Wood - Abodo-Thermal-Conductivity-Memo,Text Only,1,0
Product Rep,A_Structure/Abodo,Abodo Wood,Installation_Guide,Abodo Wood - Abodo-Vulcan-Cladding-Comparison-Guide,Text Only,1,0
Product Rep,A_Structure/Abodo,Abodo Wood,Color_Chart,Abodo Wood - Abodo-Vulcan-Timber-LRV-and-SRI-Guide-May-23,Text Only,45,0
Product Rep,A_Structure/Abodo,Abodo Wood,EPD,Abodo Wood - Abodo-Wood-Environmental-Product-Declaration,Text Only,140,0
Product Rep,A_Structure/Abodo,Abodo Wood,Installation_Guide,Abodo Wood - Appearance-Grades-Timber-Grading-Rules-Abodo-Wood,Text Only,14,0
Product Rep,A_Structure/Abodo,Abodo Wood,CAD_Detail,Abodo Wood - BAND4S-138x18-Profile-Drawing-Abodo-Wood,Text Only,1,0
Product Rep,A_Structure/Abodo,Abodo Wood,CAD_Detail,Abodo Wood - BAND4S-180x18-Profile-Drawing-Abodo-Wood,Text Only,1,0
Product Rep,A_Structure/Abodo,Abodo Wood,CAD_Detail,Abodo Wood - BAND4S-42x42-Profile-Drawing-Abodo-Wood,Text Only,1,0
Product Rep,A_Structure/Abodo,Abodo Wood,CAD_Detail,Abodo Wood - BAND4S-88x18-Profile-Drawing-Abodo-Wood,Text Only,1,0
Product Rep,A_Structure/Abodo,Abodo Wood,Certification,Abodo Wood - Built-to-Last-Warranty-30yrs-ACQ-Abodo-Wood,Text Only,5,0
Product Rep,A_Structure/Abodo,Abodo Wood,Technical_Manual,Abodo Wood - Comparative-Biomass-Growth-and-Carbon-Sequestration-Report-Abodo-Wood,Text Only,18,0
Product Rep,A_Structure/Abodo,Abodo Wood,CAD_Detail,Abodo Wood - DK14S-90x21-Profile-Drawing-Abodo-Wood,Text Only,1,0
Product Rep,A_Structure/Abodo,Abodo Wood,CAD_Detail,Abodo Wood - DK4R-140x27-Profile-Drawing-Abodo-Wood,Text Only,1,0
Product Rep,A_Structure/Abodo,Abodo Wood,Certification,Abodo Wood - FSC-Certificate-SGS-COC-004944,Text Only,2,0
Product Rep,A_Structure/Abodo,Abodo Wood,Certification,Abodo Wood - Group-Number-Classification-Certificate-Fire-Rating-Abodo-Wood,Text Only,2,0
Product Rep,A_Structure/Abodo,Abodo Wood,Color_Chart,Abodo Wood - How-Vulcan-Timber-Weathers-Abodo-Wood,Text Only,4,0
Product Rep,A_Structure/Abodo,Abodo Wood,Product_Catalog,Abodo Wood - Look-Book-Vulcan-Feature-Timber-Projects,Text Only,8,0
Product Rep,A_Structure/Abodo,Abodo Wood,CAD_Detail,Abodo Wood - M116317-Abodo-Profile-Drawing-Download-Vulcan-Shingles-450x120,Text Only,1,0
Product Rep,A_Structure/Abodo,Abodo Wood,CAD_Detail,Abodo Wood - M116317-Abodo-Profile-Drawing-Download-Vulcan-Shingles-450x90,Text Only,1,0
Product Rep,A_Structure/Abodo,Abodo Wood,Installation_Guide,Abodo Wood - Maintenance-Guidelines-Timber-Cladding-Screening-NZ-Abodo-Wood,Text Only,8,0
Product Rep,A_Structure/Abodo,Abodo Wood,Installation_Guide,Abodo Wood - Maintenance-Guidelines-Vulcan-Sand-Decking-Abodo-Wood,Text Only,10,0
Product Rep,A_Structure/Abodo,Abodo Wood,Installation_Guide,Abodo Wood - OPX-Treatment-Guide-Abodo-Wood-Feb-2023,Text Only,14,0
Product Rep,A_Structure/Abodo,Abodo Wood,Installation_Guide,Abodo Wood - Performance-Testing-Guide-for-Vulcan-Timber-Abodo-Wood,Text Only,57,0
Product Rep,A_Structure/Abodo,Abodo Wood,Color_Chart,Abodo Wood - Resene-Paint-Complementary-Colour-Suggestions,Text Only,10,0
Product Rep,A_Structure/Abodo,Abodo Wood,CAD_Detail,Abodo Wood - Rhombus-Clip-RHBC2-with-clip-68x26-Abodo-Wood,Text Only,1,0
Product Rep,A_Structure/Abodo,Abodo Wood,Technical_Data_Sheet,Abodo Wood - TDS-69-Vulcan-Shingles-Roof-Dec-23,Text Only,28,0
Product Rep,A_Structure/Abodo,Abodo Wood,Technical_Data_Sheet,Abodo Wood - TDS-70-Vulcan-Shingles-Wall-Dec-23,Text Only,28,0
Product Rep,A_Structure/Abodo,Abodo Wood,CAD_Detail,Abodo Wood - TG9-135x10-Profile-Drawing-Abodo-Wood-Jan-18,Text Only,1,0
Product Rep,A_Structure/Abodo,Abodo Wood,Technical_Data_Sheet,Abodo Wood - Technical-Data-Sheet-30-Sand-Decking-Abodo-Wood-Sept-22,Text Only,8,0
Product Rep,A_Structure/Abodo,Abodo Wood,Technical_Data_Sheet,Abodo Wood - Technical-Data-Sheet-47-Protector-Abodo-Wood,Text Only,10,0
Product Rep,A_Structure/Abodo,Abodo Wood,Technical_Data_Sheet,Abodo Wood - Technical-Data-Sheet-66-Vulcan-Nexus-Cladding-Abodo-Wood,Text Only,26,0
Product Rep,A_Structure/Abodo,Abodo Wood,Technical_Data_Sheet,Abodo Wood - Technical-Data-Sheet-68-Protector-Hybrid-Abodo-Wood-May-23,Text Only,12,0
Product Rep,A_Structure/Abodo,Abodo Wood,Technical_Data_Sheet,Abodo Wood - Technical-Data-Sheet-Char-Oil-Abodo-Wood,Text Only,4,0
Product Rep,A_Structure/Abodo,Abodo Wood,Technical_Data_Sheet,Abodo Wood - Technical-Data-Sheet-Iron-Vitriol,Text Only,10,0
Product Rep,A_Structure/Abodo,Abodo Wood,Technical_Data_Sheet,Abodo Wood - Technical-Data-Sheet-Protector-End-Seal-Abodo-Wood,Text Only,4,0
Product Rep,A_Structure/Abodo,Abodo Wood,Technical_Data_Sheet,Abodo Wood - Technical-Data-Sheet-Rhombus-Clip-Abodo-Wood,Text Only,14,0
Product Rep,A_Structure/Abodo,Abodo Wood,Technical_Data_Sheet,Abodo Wood - Technical-Data-Sheet-Vulcan-Cladding-Abodo-Wood-New-Zealand,Text Only,30,0
Product Rep,A_Structure/Abodo,Abodo Wood,Technical_Data_Sheet,Abodo Wood - Technical-Data-Sheet-Vulcan-Cladding-Vertical-Grain-Standard-Series-NZ,Text Only,20,0
Product Rep,A_Structure/Abodo,Abodo Wood,Technical_Data_Sheet,Abodo Wood - Technical-Data-Sheet-Vulcan-Decking-Abodo-Wood,Text Only,5,0
Product Rep,A_Structure/Abodo,Abodo Wood,Technical_Data_Sheet,Abodo Wood - Technical-Data-Sheet-Vulcan-Panelling-Abodo-Wood,Text Only,6,0
Product Rep,A_Structure/Abodo,Abodo Wood,Technical_Data_Sheet,Abodo Wood - Technical-Data-Sheet-Vulcan-Screening-Abodo-Wood-New-Zealand,Text Only,7,0
Product Rep,A_Structure/Abodo,Abodo Wood,Technical_Data_Sheet,Abodo Wood - Technical-Data-Sheet-Vulcan-Smooth-Decking-Abodo-Wood,Text Only,8,0
Product Rep,A_Structure/Abodo,Abodo Wood,Product_Catalog,Abodo Wood - Thermally-Modified-Timber-Fact-Sheet-Abodo-Wood,Text Only,1,0
Product Rep,A_Structure/Abodo,Abodo Wood,Certification,Abodo Wood - Vulcan-25-Year-Warranty,Text Only,14,0
Product Rep,A_Structure/Abodo,Abodo Wood,Installation_Guide,Abodo Wood - Vulcan-Screening-Design-Guide-Abodo-Wood,Text Only,34,0
Product Rep,A_Structure/Abodo,Abodo Wood,CAD_Detail,Abodo Wood - WB10-138x20-Profile-Drawing-Abodo-Wood,Text Only,1,0
Product Rep,A_Structure/Abodo,Abodo Wood,CAD_Detail,Abodo Wood - WB12-138x20-Profile-Drawing-Abodo-Wood-Apr-18,Text Only,1,0
Product Rep,A_Structure/Abodo,Abodo Wood,CAD_Detail,Abodo Wood - WB12-180x18mm-Profile-Drawing-Abodo-Wood,Text Only,1,0
Product Rep,A_Structure/Abodo,Abodo Wood,CAD_Detail,Abodo Wood - WB12-90x18-Profile-Drawing-Abodo-Wood,Text Only,1,0
Product Rep,A_Structure/Abodo,Abodo Wood,CAD_Detail,Abodo Wood - WB12-90x60mm-Profile-Drawing-Abodo-Wood,Text Only,1,0
Product Rep,A_Structure/Abodo,Abodo Wood,CAD_Detail,Abodo Wood - WB12-Combination-Options-Abodo-Wood,Text Only,1,0
Product Rep,A_Structure/Abodo,Abodo Wood,CAD_Detail,Abodo Wood - WB12F-180x18-Profile-Drawing-Abodo-Wood-Sept-20,Text Only,2,0
Product Rep,A_Structure/CHH_Woodproducts,CHH Woodproducts,Installation_Guide,CHH Woodproducts - 2017_CHH-_Pinex_SpecificationInstallationGuide_v3-Web.pdf,Text Only,7,0
Product Rep,A_Structure/CHH_Woodproducts,CHH Woodproducts,Technical_Note,CHH Woodproducts - 20191126CHHWP-TIM-Moulds-on-Timber-Technical-Note-September-2018.pdf,Text Only,1,0
Product Rep,A_Structure/CHH_Woodproducts,CHH Woodproducts,Technical_Data_Sheet,CHH Woodproducts - Antisapstain-Hylite-NCF-Treated-Pine-Solid-Wood-November-2017-v4.pdf,Text Only,47,0
Product Rep,A_Structure/CHH_Woodproducts,CHH Woodproducts,Technical_Data_Sheet,CHH Woodproducts - Antisapstain-Treated-Pine-Solid-Wood-July-2017-v3.pdf,Text Only,43,0
Product Rep,A_Structure/CHH_Woodproducts,CHH Woodproducts,Technical_Data_Sheet,CHH Woodproducts - CCA-Treated-Pine-Solid-Wood-May-2018-v2.pdf,Text Only,41,0
Product Rep,A_Structure/CHH_Woodproducts,CHH Woodproducts,Technical_Data_Sheet,CHH Woodproducts - CHH-H1.2-Boron-Treated-Pine-Solid-Wood-V-15.1.1.1-Sept-2019.pdf,Text Only,66,0
Product Rep,A_Structure/CHH_Woodproducts,CHH Woodproducts,Technical_Data_Sheet,CHH Woodproducts - CHHTimberLaserframe68x34CeilingBattenPTSAndBPISCurrent.pdf,Text Only,11,0
Product Rep,A_Structure/CHH_Woodproducts,CHH Woodproducts,Technical_Data_Sheet,CHH Woodproducts - CHHTimberLaserframeResidentialApplicationsPTSAndBPISCurrent.pdf,Text Only,15,0
Product Rep,A_Structure/CHH_Woodproducts,CHH Woodproducts,Technical_Data_Sheet,CHH Woodproducts - CHHTimberPinexAnchorPilesPTSAndBPISCurrent.pdf,Text Only,10,0
Product Rep,A_Structure/CHH_Woodproducts,CHH Woodproducts,Technical_Data_Sheet,CHH Woodproducts - CHHTimberPinexHousePilesPTSAndBPISCurrent-.pdf,Text Only,9,0
Product Rep,A_Structure/CHH_Woodproducts,CHH Woodproducts,Technical_Data_Sheet,CHH Woodproducts - CHHTimberPinexPostsRailsandPalingsPTSAndBPISCurrent.pdf,Text Only,9,0
Product Rep,A_Structure/CHH_Woodproducts,CHH Woodproducts,Technical_Data_Sheet,CHH Woodproducts - CHHTimberPinexVerifiedPTSAndBPISCurrent.pdf,Text Only,12,0
Product Rep,A_Structure/CHH_Woodproducts,CHH Woodproducts,Product_Guide,CHH Woodproducts - LaserframeProductGuideCurrent.pdf,Text Only,13,0
Product Rep,A_Structure/CHH_Woodproducts,CHH Woodproducts,Technical_Data_Sheet,CHH Woodproducts - Timber-CHH-LOSP-Azole-Treated-Solid-Wood-Timber-September-2018.pdf,Text Only,58,0
Product Rep,A_Structure/Firth,Firth,Technical_Manual,Firth Deep Dive (Universal),Text Only,267,0
Product Rep,A_Structure/JL_Duke,J&L Duke,Technical_Data_Sheet,J&L Duke - 593_2022,Text Only,20,0
Product Rep,A_Structure/JL_Duke,J&L Duke,Technical_Manual,J&L Duke - Inter-Tenancy-Wall-Technical-Literature-1,Text Only,19,0
Product Rep,A_Structure/JL_Duke,J&L Duke,Certification,J&L Duke - J-Frame-Care-Maintenance-Guide-CodeMark-1-1-2,Text Only,2,0
Product Rep,A_Structure/JL_Duke,J&L Duke,Installation_Guide,J&L Duke - J-Frame-Design-Installation-Guide-2025-1,Text Only,9,0
Product Rep,A_Structure/JL_Duke,J&L Duke,Technical_Data_Sheet,J&L Duke - J-Frame-and-Exposure-to-the-Elements-1,Text Only,5,0
Product Rep,A_Structure/JL_Duke,J&L Duke,Technical_Data_Sheet,J&L Duke - J-Frame-beam-span-tables-V1.0,Text Only,40,0
Product Rep,A_Structure/JL_Duke,J&L Duke,Technical_Data_Sheet,J&L Duke - J-Frame-stud-span-tables-V1.0,Text Only,14,0
Product Rep,A_Structure/JL_Duke,J&L Duke,Certification,J&L Duke - J-frame-BRANZ,Text Only,14,0
Product Rep,A_Structure/JL_Duke,J&L Duke,Technical_Data_Sheet,J&L Duke - Procedure-for-testing-moisture-content-of-J-Frame-2,Text Only,2,0
Product Rep,A_Structure/JL_Duke,J&L Duke,Technical_Data_Sheet,J&L Duke - Triboard-Bracing-Details-1,Text Only,2,0
Product Rep,A_Structure/JL_Duke,J&L Duke,Product_Catalog,J&L Duke - Triboard-Brochure-2022-1,Text Only,10,0
Product Rep,A_Structure/JL_Duke,J&L Duke,Certification,J&L Duke - Triboard-Constuction-System-Appraisal-481,Text Only,27,0
Product Rep,A_Structure/JL_Duke,J&L Duke,Safety_Data_Sheet,J&L Duke - Triboard-General-MSDS-2020-1,Text Only,14,0
Product Rep,A_Structure/JL_Duke,J&L Duke,Product_Catalog,J&L Duke - Triboard-Lining-TGV-Panels-Brochure-1,Text Only,4,0
Product Rep,A_Structure/JL_Duke,J&L Duke,Product_Guide,J&L Duke - Triboard-TGV-Lining-Panel-FAQ-1-1,Text Only,8,0
Product Rep,A_Structure/JL_Duke,J&L Duke,Installation_Guide,J&L Duke - Triboard-Wall-Lining-Installation-Sheet-2022,Text Only,14,0
Product Rep,A_Structure/Red_Stag,Red Stag,Safety_Data_Sheet,Red Stag - Boron_Treated_Wood_SDS_2020.pdf,Text Only,9,0
Product Rep,A_Structure/Red_Stag,Red Stag,Safety_Data_Sheet,Red Stag - CCA_Treated_Wood_MSDS_2015.pdf,Text Only,8,0
Product Rep,A_Structure/Red_Stag,Red Stag,Safety_Data_Sheet,Red Stag - CCA_Treated_Wood_SDS_2020.pdf,Text Only,14,0
Product Rep,A_Structure/Red_Stag,Red Stag,Safety_Data_Sheet,Red Stag - LOSP_Treated_Wood_SDS_-_26_Jun_2020.pdf,Text Only,20,0
Product Rep,A_Structure/Red_Stag,Red Stag,Technical_Data_Sheet,Red Stag - Landscaping_Timber_20240229.pdf,Text Only,4,0
Product Rep,A_Structure/Red_Stag,Red Stag,Technical_Data_Sheet,Red Stag - Non_Structural_Timber_20230922.pdf,Text Only,7,0
Product Rep,A_Structure/Red_Stag,Red Stag,Certification,Red Stag - Producers_Statement_2025.pdf,Text Only,6,0
Product Rep,A_Structure/Red_Stag,Red Stag,Safety_Data_Sheet,Red Stag - SDS-FramePro-Treated-Wood_002.pdf,Text Only,24,0
Product Rep,A_Structure/Red_Stag,Red Stag,Technical_Data_Sheet,Red Stag - Structurally_Graded_Timber_20230922.pdf,Text Only,18,0
Product Rep,B_Enclosure/James_Hardie,James Hardie,Installation_Guide,James Hardie Full Suite,Text Only,1356,0
Product Rep,B_Enclosure/James_Hardie,James Hardie,Installation_Guide,James Hardie Installation Guides,Text Only,375,0
Product Rep,B_Enclosure/Kingspan,Kingspan,CAD_Detail,Kingspan Deep Dive - Kingspan KS1000 RW CodeMark Roof Details Ver. Q4 2023 -Technical Drawings.pdf,Text Only,178,0
Product Rep,B_Enclosure/Kingspan,Kingspan,CAD_Detail,Kingspan Deep Dive - Kingspan KS1000 RW CodeMark Roof High Humidity Details Ver. Q4 2023 -Technical Drawings.pdf,Text Only,33,0
Product Rep,B_Enclosure/Kingspan,Kingspan,Technical_Data_Sheet,Kingspan Deep Dive - kingspan-aircell-insulation-tape-product-datasheet-en-nz.pdf,Text Only,4,0
Product Rep,B_Enclosure/Kingspan,Kingspan,Technical_Manual,Kingspan Deep Dive - kingspan-architectural-wall-panel-data-sheet-en-nz.pdf,Text Only,68,0
Product Rep,B_Enclosure/Kingspan,Kingspan,Technical_Manual,Kingspan Deep Dive - kingspan-architectural-wall-panel-environmental-product-declaration-en-nz-au.pdf,Text Only,124,0
Product Rep,B_Enclosure/Kingspan,Kingspan,Installation_Guide,Kingspan Deep Dive - kingspan-architectural-wall-panel-installation-guide-horizontal-en-nz.pdf,Text Only,14,0
Product Rep,B_Enclosure/Kingspan,Kingspan,Installation_Guide,Kingspan Deep Dive - kingspan-architectural-wall-panel-installation-guide-vertical-en-nz.pdf,Text Only,17,0
Product Rep,B_Enclosure/Kingspan,Kingspan,CAD_Detail,Kingspan Deep Dive - kingspan-architectural-wall-panel-technical-drawing-horizontal-en-nz.pdf,Text Only,110,0
Product Rep,B_Enclosure/Kingspan,Kingspan,CAD_Detail,Kingspan Deep Dive - kingspan-architectural-wall-panel-technical-drawing-vertical-en-nz.pdf,Text Only,109,0
Product Rep,B_Enclosure/Kingspan,Kingspan,Certification,Kingspan Deep Dive - kingspan-awp-evolution-codemark-certificate-en-nz.pdf,Text Only,4,0
Product Rep,B_Enclosure/Kingspan,Kingspan,CAD_Detail,Kingspan Deep Dive - kingspan-evolution-panelised-facade-environmental-product-declaration-en-nz-au.pdf,Text Only,19,0
Product Rep,B_Enclosure/Kingspan,Kingspan,Technical_Data_Sheet,Kingspan Deep Dive - kingspan-greenguard-gg300-product-datasheet-en-nz.pdf,Text Only,4,0
Product Rep,B_Enclosure/Kingspan,Kingspan,Technical_Manual,Kingspan Deep Dive - kingspan-k-roc-firemaster-wall-panel-data-sheet-en-nz.pdf,Text Only,13,0
Product Rep,B_Enclosure/Kingspan,Kingspan,CAD_Detail,Kingspan Deep Dive - kingspan-k-roc-firemaster-wall-vertical-technical-drawing-standard-en-nz.pdf,Text Only,21,0
Product Rep,B_Enclosure/Kingspan,Kingspan,CAD_Detail,Kingspan Deep Dive - kingspan-k-roc-rockspan-wall-horizontal-technical-drawing-standard-en-nz.pdf,Text Only,31,0
Product Rep,B_Enclosure/Kingspan,Kingspan,Technical_Manual,Kingspan Deep Dive - kingspan-k-roc-rockspan-wall-panel-data-sheet-en-nz.pdf,Text Only,20,0
Product Rep,B_Enclosure/Kingspan,Kingspan,CAD_Detail,Kingspan Deep Dive - kingspan-k-roc-rockspan-wall-vertical-technical-drawing-standard-en-nz.pdf,Text Only,31,0
Product Rep,B_Enclosure/Kingspan,Kingspan,Technical_Manual,Kingspan Deep Dive - kingspan-k10-composite-steel-decking-CF80-en-nz.pdf,Text Only,1,0
Product Rep,B_Enclosure/Kingspan,Kingspan,Technical_Manual,Kingspan Deep Dive - kingspan-k10-composite-steel-decking-CFSR-en-nz.pdf,Text Only,1,0
Product Rep,B_Enclosure/Kingspan,Kingspan,Installation_Guide,Kingspan Deep Dive - kingspan-k10-composite-steel-decking-batten-fixing-pattern-en-nz.pdf,Text Only,3,0
Product Rep,B_Enclosure/Kingspan,Kingspan,Technical_Manual,Kingspan Deep Dive - kingspan-k10-concrete-rib-application-en-nz.pdf,Text Only,3,0
Product Rep,B_Enclosure/Kingspan,Kingspan,Technical_Manual,Kingspan Deep Dive - kingspan-k10-concrete-slab-application-en-nz.pdf,Text Only,4,0
Product Rep,B_Enclosure/Kingspan,Kingspan,Installation_Guide,Kingspan Deep Dive - kingspan-k10-concrete-slab-batten-fixing-pattern-en-nz.pdf,Text Only,3,0
Product Rep,B_Enclosure/Kingspan,Kingspan,Installation_Guide,Kingspan Deep Dive - kingspan-k10-concrete-slab-direct-fixing-pattern-en-nz.pdf,Text Only,2,0
Product Rep,B_Enclosure/Kingspan,Kingspan,Technical_Manual,Kingspan Deep Dive - kingspan-k17-concrete-block-external-corner-en-nz.pdf,Text Only,1,0
Product Rep,B_Enclosure/Kingspan,Kingspan,Installation_Guide,Kingspan Deep Dive - kingspan-k17-concrete-block-fixing-pattern-option-2-en-nz.pdf,Text Only,2,0
Product Rep,B_Enclosure/Kingspan,Kingspan,Technical_Manual,Kingspan Deep Dive - kingspan-k17-concrete-block-inter-story-en-nz.pdf,Text Only,2,0
Product Rep,B_Enclosure/Kingspan,Kingspan,Technical_Manual,Kingspan Deep Dive - kingspan-k17-concrete-block-k17-steel-ceiling-battens-en-nz.pdf,Text Only,3,0
Product Rep,B_Enclosure/Kingspan,Kingspan,Technical_Manual,Kingspan Deep Dive - kingspan-k17-concrete-block-k17-timber-ceiling-battens-en-nz.pdf,Text Only,2,0
Product Rep,B_Enclosure/Kingspan,Kingspan,Technical_Manual,Kingspan Deep Dive - kingspan-k17-concrete-block-wall-base-en-nz.pdf,Text Only,3,0
Product Rep,B_Enclosure/Kingspan,Kingspan,Technical_Manual,Kingspan Deep Dive - kingspan-k17-concrete-block-window-head-en-nz.pdf,Text Only,2,0
Product Rep,B_Enclosure/Kingspan,Kingspan,Technical_Manual,Kingspan Deep Dive - kingspan-k17-concrete-block-window-jamb-en-nz.pdf,Text Only,2,0
Product Rep,B_Enclosure/Kingspan,Kingspan,Technical_Manual,Kingspan Deep Dive - kingspan-k17-concrete-block-window-sill-en-nz.pdf,Text Only,3,0
Product Rep,B_Enclosure/Kingspan,Kingspan,Technical_Manual,Kingspan Deep Dive - kingspan-k17-timber-frame-external-corner-en-nz.pdf,Text Only,2,0
Product Rep,B_Enclosure/Kingspan,Kingspan,Technical_Manual,Kingspan Deep Dive - kingspan-k17-timber-frame-internal-corner-en-nz.pdf,Text Only,2,0
Product Rep,B_Enclosure/Kingspan,Kingspan,Technical_Manual,Kingspan Deep Dive - kingspan-k17-timber-frame-k17-steel-ceiling-battens-en-nz.pdf,Text Only,2,0
Product Rep,B_Enclosure/Kingspan,Kingspan,Technical_Manual,Kingspan Deep Dive - kingspan-k17-timber-frame-k17-timber-ceiling-battens-en-nz.pdf,Text Only,1,0
Product Rep,B_Enclosure/Kingspan,Kingspan,Technical_Manual,Kingspan Deep Dive - kingspan-k17-timber-frame-pipe-penetration-en-nz.pdf,Text Only,3,0
Product Rep,B_Enclosure/Kingspan,Kingspan,Technical_Manual,Kingspan Deep Dive - kingspan-k17-timber-frame-under-joists-en-nz.pdf,Text Only,2,0
Product Rep,B_Enclosure/Kingspan,Kingspan,Technical_Manual,Kingspan Deep Dive - kingspan-k17-timber-frame-wall-base-concrete-en-nz.pdf,Text Only,2,0
Product Rep,B_Enclosure/Kingspan,Kingspan,Technical_Manual,Kingspan Deep Dive - kingspan-k17-timber-frame-wall-base-timber-en-nz.pdf,Text Only,1,0
Product Rep,B_Enclosure/Kingspan,Kingspan,Technical_Manual,Kingspan Deep Dive - kingspan-k17-timber-frame-window-jamb-en-nz.pdf,Text Only,2,0
Product Rep,B_Enclosure/Kingspan,Kingspan,Technical_Manual,Kingspan Deep Dive - kingspan-k7-timber-frame-continuous-over-rafter-65mm-counter-batten-system-en-nz.pdf,Text Only,1,0
Product Rep,B_Enclosure/Kingspan,Kingspan,Technical_Manual,Kingspan Deep Dive - kingspan-k7-timber-frame-continuous-over-rafter-90mm-counter-batten-system-en-nz.pdf,Text Only,1,0
Product Rep,B_Enclosure/Kingspan,Kingspan,Technical_Manual,Kingspan Deep Dive - kingspan-k7-timber-frame-continuous-under-rafter-en-nz.pdf,Text Only,1,0
Product Rep,B_Enclosure/Kingspan,Kingspan,Technical_Manual,Kingspan Deep Dive - kingspan-k7-timber-frame-eaves-termination-external-rigid-insulation-profiled-metal-cladding-en-nz.pdf,Text Only,2,0
Product Rep,B_Enclosure/Kingspan,Kingspan,Technical_Manual,Kingspan Deep Dive - kingspan-k7-timber-frame-flush-to-bottom-of-rafters-en-nz.pdf,Text Only,2,0
Product Rep,B_Enclosure/Kingspan,Kingspan,Technical_Manual,Kingspan Deep Dive - kingspan-k7-timber-frame-flush-to-top-of-rafters-continous-over-rafter-en-nz.pdf,Text Only,2,0
Product Rep,B_Enclosure/Kingspan,Kingspan,Technical_Manual,Kingspan Deep Dive - kingspan-k7-timber-frame-flush-to-top-of-rafters-en-nz.pdf,Text Only,2,0
Product Rep,B_Enclosure/Kingspan,Kingspan,Technical_Manual,Kingspan Deep Dive - kingspan-k7-timber-frame-flush-tobottom-of-rafters-continuous-under-rafter-en-nz.pdf,Text Only,2,0
Product Rep,B_Enclosure/Kingspan,Kingspan,Technical_Manual,Kingspan Deep Dive - kingspan-k7-timber-frame-fully-filling-the-depth-of-rafters-en-nz.pdf,Text Only,2,0
Product Rep,B_Enclosure/Kingspan,Kingspan,Technical_Manual,Kingspan Deep Dive - kingspan-k7-timber-lockwood-roof-en-nz.pdf,Text Only,3,0
Product Rep,B_Enclosure/Kingspan,Kingspan,Certification,Kingspan Deep Dive - kingspan-koolduct-branz-appraisal-en-nz.pdf,Text Only,18,0
Product Rep,B_Enclosure/Kingspan,Kingspan,Technical_Data_Sheet,Kingspan Deep Dive - kingspan-koolduct-product-datasheet-en-nz.pdf,Text Only,7,0
Product Rep,B_Enclosure/Kingspan,Kingspan,Technical_Manual,Kingspan Deep Dive - kingspan-kooltherm-k10-g2-product-data-sheet-en-nz.pdf,Text Only,11,0
Product Rep,B_Enclosure/Kingspan,Kingspan,Technical_Manual,Kingspan Deep Dive - kingspan-kooltherm-k10-g2w-product-data-sheet-en-nz.pdf,Text Only,5,0
Product Rep,B_Enclosure/Kingspan,Kingspan,Certification,Kingspan Deep Dive - kingspan-kooltherm-k10-greentag-certificate-en-au.pdf,Text Only,5,0
Product Rep,B_Enclosure/Kingspan,Kingspan,EPD,Kingspan Deep Dive - kingspan-kooltherm-k10-k17-epd-en-au.pdf,Text Only,182,0
Product Rep,B_Enclosure/Kingspan,Kingspan,Certification,Kingspan Deep Dive - kingspan-kooltherm-k17-product-certificate-en-nz.pdf,Text Only,4,0
Product Rep,B_Enclosure/Kingspan,Kingspan,Technical_Manual,Kingspan Deep Dive - kingspan-kooltherm-k17-product-data-sheet-en-nz01.pdf,Text Only,3,0
Product Rep,B_Enclosure/Kingspan,Kingspan,Installation_Guide,Kingspan Deep Dive - kingspan-kooltherm-k17-user-installation-guide-en-nz01.pdf,Text Only,2,0
Product Rep,B_Enclosure/Kingspan,Kingspan,Technical_Data_Sheet,Kingspan Deep Dive - kingspan-kooltherm-k3-product-datasheet-en-nz-1.pdf,Text Only,2,0
Product Rep,B_Enclosure/Kingspan,Kingspan,Technical_Manual,Kingspan Deep Dive - kingspan-kooltherm-k5-product-data-sheet-en-nz.pdf,Text Only,2,0
Product Rep,B_Enclosure/Kingspan,Kingspan,Installation_Guide,Kingspan Deep Dive - kingspan-kooltherm-k5-user-installation-guide-en-nz.pdf,Text Only,2,0
Product Rep,B_Enclosure/Kingspan,Kingspan,Installation_Guide,Kingspan Deep Dive - kingspan-kooltherm-k7-installation-guide-en-nz.pdf,Text Only,1,0
Product Rep,B_Enclosure/Kingspan,Kingspan,EPD,Kingspan Deep Dive - kingspan-kooltherm-k7-k12-epd-en-au.pdf,Text Only,31,0
Product Rep,B_Enclosure/Kingspan,Kingspan,Installation_Guide,Kingspan Deep Dive - kingspan-ks1000rw-trapezoidal-wall-panel-installation-guide-horizontal-en-nz.pdf,Text Only,5,0
Product Rep,B_Enclosure/Kingspan,Kingspan,CAD_Detail,Kingspan Deep Dive - kingspan-ks1000rw-trapezoidal-wall-panel-technical-drawing-vertical-en-nz.pdf,Text Only,40,0
Product Rep,B_Enclosure/Kingspan,Kingspan,Technical_Manual,Kingspan Deep Dive - kingspan-ks1000rw-wall-panel-environmental-product-declaration-en-nz-au.pdf,Text Only,14,0
Product Rep,B_Enclosure/Kingspan,Kingspan,Technical_Manual,Kingspan Deep Dive - kingspan-ks1100cs-coldstore-panel-data-sheet-en-nz.pdf,Text Only,7,0
Product Rep,B_Enclosure/Kingspan,Kingspan,Technical_Manual,Kingspan Deep Dive - kingspan-ks1100cs-coldstore-panel-environmental-product-declaration-en-nz-au.pdf,Text Only,14,0
Product Rep,B_Enclosure/Kingspan,Kingspan,CAD_Detail,Kingspan Deep Dive - kingspan-ksn1000fc-five-crown-horizontal-wall-technical-drawing-standard-en-nz.pdf,Text Only,29,0
Product Rep,B_Enclosure/Kingspan,Kingspan,CAD_Detail,Kingspan Deep Dive - kingspan-ksn1000fc-five-crown-roof-technical-drawing-standard-en-nz.pdf,Text Only,43,0
Product Rep,B_Enclosure/Kingspan,Kingspan,CAD_Detail,Kingspan Deep Dive - kingspan-ksn1000fc-five-crown-vertical-wall-technical-drawing-standard-en-nz.pdf,Text Only,28,0
Product Rep,B_Enclosure/Kingspan,Kingspan,Technical_Manual,Kingspan Deep Dive - kingspan-therma-tr26-product-data-sheet-en-nz.pdf,Text Only,2,0
Product Rep,B_Enclosure/Kingspan,Kingspan,Technical_Manual,Kingspan Deep Dive - kingspan-therma-tr27-tt47-product-data-sheet-en-nz.pdf,Text Only,3,0
Product Rep,B_Enclosure/Kingspan,Kingspan,Technical_Manual,Kingspan Deep Dive - kingspan-therma-tr28-product-data-sheet-en-nz.pdf,Text Only,1,0
Product Rep,B_Enclosure/Kingspan,Kingspan,Installation_Guide,Kingspan Deep Dive - kingspan-therma-tr28-product-installation-guide-en-nz.pdf,Text Only,1,0
Product Rep,B_Enclosure/Kingspan,Kingspan,Certification,Kingspan Deep Dive - kingspan-wall-roof-ceiling-greentag-certification-scope-en-nz-au.pdf,Text Only,1,0
Product Rep,B_Enclosure/Kingspan,Kingspan,Technical_Data_Sheet,Kingspan Deep Dive - steico-safety-datasheet-msds-0725.pdf,Text Only,2,0
Product Rep,B_Enclosure/Kingspan,Kingspan,Technical_Manual,Kingspan Deep Dive - steico-universal-timber-frame-roof-continuous-over-rafter-eaves-termination-en-nz.pdf,Text Only,1,0
Product Rep,B_Enclosure/Kingspan,Kingspan,Technical_Manual,Kingspan Deep Dive - steico-universal-timber-frame-roof-continuous-over-rafter-roof-barge-en-nz.pdf,Text Only,1,0
Product Rep,B_Enclosure/Kingspan,Kingspan,Technical_Manual,Kingspan Deep Dive - steico-universal-timber-frame-structural-batten-wall-base-concrete-en-nz.pdf,Text Only,1,0
Product Rep,B_Enclosure/Kingspan,Kingspan,Technical_Manual,Kingspan Deep Dive - steico-universal-timber-frame-structural-batten-wall-base-timber-en-nz.pdf,Text Only,1,0
Product Rep,B_Enclosure/Kingspan,Kingspan,Technical_Manual,Kingspan Deep Dive - steico-universal-timber-frame-structural-batten-wall-top-no-soffit-en-nz.pdf,Text Only,2,0
Product Rep,B_Enclosure/Kingspan,Kingspan,Technical_Manual,Kingspan Deep Dive - steico-universal-timber-frame-structural-batten-wall-top-to-soffit-en-nz.pdf,Text Only,2,0
Product Rep,B_Enclosure/Kingspan,Kingspan,Technical_Manual,Kingspan Deep Dive - steico-universal-timber-frame-wall-structural-batten-external-corner-en-nz.pdf,Text Only,2,0
Product Rep,B_Enclosure/Kingspan,Kingspan,Technical_Manual,Kingspan Deep Dive - steico-universal-timber-frame-wall-structural-batten-internal-corner-en-nz.pdf,Text Only,2,0
Product Rep,B_Enclosure/Kingspan,Kingspan,Technical_Manual,Kingspan Deep Dive - steico-universal-timber-frame-wall-structural-batten-pipe-penetration-en-nz.pdf,Text Only,2,0
Product Rep,B_Enclosure/Kingspan,Kingspan,Technical_Manual,Kingspan Deep Dive - steico-universal-timber-frame-wall-structural-batten-plan-view-en-nz.pdf,Text Only,2,0
Product Rep,B_Enclosure/Kingspan,Kingspan,Technical_Manual,Kingspan Deep Dive - steico-universal-timber-frame-wall-structural-batten-window-head-en-nz.pdf,Text Only,3,0
Product Rep,B_Enclosure/Kingspan,Kingspan,Technical_Manual,Kingspan Deep Dive - steico-universal-timber-frame-wall-structural-batten-window-jamb-en-nz.pdf,Text Only,2,0
Product Rep,B_Enclosure/Kingspan,Kingspan,Technical_Manual,Kingspan Deep Dive - steico-universal-timber-frame-wall-structural-batten-window-sill-en-nz.pdf,Text Only,4,0
Product Rep,B_Enclosure/Kingspan,Kingspan,Technical_Manual,Kingspan Deep Dive - steico-universal-timber-frame-wall-structural-floor-level-en-nz.pdf,Text Only,7,0
Product Rep,B_Enclosure/Kingspan,Kingspan,Warranty,Kingspan Deep Dive - warranty-new-zealand-v5-0325.pdf,Text Only,15,0
Product Rep,C_Interiors/Asona,Asona,Technical_Manual,Asona Deep Dive - AC-016-V2-Split-Rail-Profile.pdf,Text Only,1,0
Product Rep,C_Interiors/Asona,Asona,Technical_Manual,Asona Deep Dive - AC-020-V3-Donn-Standard-Grid-Components.pdf,Text Only,1,0
Product Rep,C_Interiors/Asona,Asona,Technical_Manual,Asona Deep Dive - AC-021-V2-Donn-Heavy-Grid-Components.pdf,Text Only,1,0
Product Rep,C_Interiors/Asona,Asona,Technical_Manual,Asona Deep Dive - Asona-AO-Gami.pdf,Text Only,5,0
Product Rep,C_Interiors/Asona,Asona,Technical_Manual,Asona Deep Dive - Asona-Diffusion-v2.pdf,Text Only,5,0
Product Rep,C_Interiors/Asona,Asona,Technical_Manual,Asona Deep Dive - Asona-Gypclean.pdf,Text Only,2,0
Product Rep,C_Interiors/Asona,Asona,Technical_Manual,Asona Deep Dive - Asona-MetaPan-C-series-v2.pdf,Text Only,4,0
Product Rep,C_Interiors/Asona,Asona,Technical_Manual,Asona Deep Dive - Asona-MetaPan-P-series-v2.pdf,Text Only,3,0
Product Rep,C_Interiors/Asona,Asona,Technical_Manual,Asona Deep Dive - Asona-Polyfon-40-v3.pdf,Text Only,6,0
Product Rep,C_Interiors/Asona,Asona,Technical_Manual,Asona Deep Dive - Asona-Polyfon-Mesh.pdf,Text Only,5,0
Product Rep,C_Interiors/Asona,Asona,Technical_Manual,Asona Deep Dive - Asona-Pyramid-3D-v2.pdf,Text Only,2,0
Product Rep,C_Interiors/Asona,Asona,Technical_Manual,Asona Deep Dive - Asona-Quicklock-v2.pdf,Text Only,4,0
Product Rep,C_Interiors/Asona,Asona,Technical_Manual,Asona Deep Dive - Asona-Renew.pdf,Text Only,5,0
Product Rep,C_Interiors/Asona,Asona,Technical_Manual,Asona Deep Dive - Asona-Snaptex.pdf,Text Only,3,0
Product Rep,C_Interiors/Asona,Asona,Technical_Manual,Asona Deep Dive - Asona-Sonacoustic-v5.pdf,Text Only,3,0
Product Rep,C_Interiors/Asona,Asona,Technical_Manual,Asona Deep Dive - Asona-Sonaris-Perforated-Laminates-v4.pdf,Text Only,23,0
Product Rep,C_Interiors/Asona,Asona,Technical_Manual,Asona Deep Dive - Asona-Sonaspray-v2.pdf,Text Only,3,0
Product Rep,C_Interiors/Asona,Asona,Technical_Manual,Asona Deep Dive - Asona-Sonatex-Acoustic-Laminates-Shades-v2.pdf,Text Only,2,0
Product Rep,C_Interiors/Asona,Asona,Technical_Manual,Asona Deep Dive - Asona-Sonawood-Ceiling Tile-v3.pdf,Text Only,3,0
Product Rep,C_Interiors/Asona,Asona,Technical_Manual,Asona Deep Dive - Asona-Sonawood-Panel-v8.pdf,Text Only,18,0
Product Rep,C_Interiors/Asona,Asona,Technical_Manual,Asona Deep Dive - Asona-Tecsound-FT.pdf,Text Only,2,0
Product Rep,C_Interiors/Asona,Asona,Technical_Manual,Asona Deep Dive - Asona-Tecsound-SY.pdf,Text Only,3,0
Product Rep,C_Interiors/Asona,Asona,Technical_Manual,Asona Deep Dive - Asona-Tecsound-Tube-S.pdf,Text Only,2,0
Product Rep,C_Interiors/Asona,Asona,Technical_Manual,Asona Deep Dive - Asona-Triton-100-v3.pdf,Text Only,3,0
Product Rep,C_Interiors/Asona,Asona,Technical_Manual,Asona Deep Dive - Asona-Triton-15-v3.pdf,Text Only,3,0
Product Rep,C_Interiors/Asona,Asona,Technical_Manual,Asona Deep Dive - Asona-Triton-25W-v5.pdf,Text Only,2,0
Product Rep,C_Interiors/Asona,Asona,Technical_Manual,Asona Deep Dive - Asona-Triton-30HD-v2.pdf,Text Only,3,0
Product Rep,C_Interiors/Asona,Asona,Technical_Manual,Asona Deep Dive - Asona-Triton-50-v3.pdf,Text Only,5,0
Product Rep,C_Interiors/Asona,Asona,Technical_Manual,Asona Deep Dive - Asona-Triton-50HD-v3.pdf,Text Only,2,0
Product Rep,C_Interiors/Asona,Asona,Technical_Manual,Asona Deep Dive - Asona-Triton-75-v2.pdf,Text Only,3,0
Product Rep,C_Interiors/Asona,Asona,Technical_Manual,Asona Deep Dive - Asona-Triton-Avant-15-v2.pdf,Text Only,1,0
Product Rep,C_Interiors/Asona,Asona,Technical_Manual,Asona Deep Dive - Asona-Triton-Baffle-Beam-v2.pdf,Text Only,3,0
Product Rep,C_Interiors/Asona,Asona,Technical_Manual,Asona Deep Dive - TR-004-1-V3-Asona-Triton-25mm-Concrete-Double-Tee-Hanger-Wire-v2.pdf,Text Only,1,0
Product Rep,C_Interiors/Asona,Asona,Technical_Manual,Asona Deep Dive - TR-009-V3-Asona-Triton-Flush-Ceiling-Join-Details-v2.pdf,Text Only,1,0
Product Rep,C_Interiors/Asona,Asona,Technical_Manual,Asona Deep Dive - TR-015-V3-Asona-Triton-Raking-Ceiling-Long-Section-Details-v2.pdf,Text Only,1,0
Product Rep,C_Interiors/Asona,Asona,Technical_Manual,Asona Deep Dive - TR-016-V3-Asona-Triton-Insulated-Roof-Lining-v12.pdf,Text Only,1,0
Product Rep,C_Interiors/Asona,Asona,Technical_Manual,Asona Deep Dive - TS-002-V3-DHS-Purlin-Strap-Fixing.pdf,Text Only,2,0
Product Rep,C_Interiors/Asona,Asona,Technical_Manual,Asona Deep Dive - TS-003-V3-Triton-Sports-40-Sports-Panel-Ridge-Detail.pdf,Text Only,2,0
Product Rep,C_Interiors/Asona,Asona,Technical_Manual,Asona Deep Dive - TS-011-V4.pdf,Text Only,1,0
Product Rep,C_Interiors/Asona,Asona,Technical_Manual,Asona Deep Dive - tr-010_asona_triton_raking_ceiling_-_long_section_detail_10.pdf,Text Only,2,0
Product Rep,C_Interiors/Autex,Autex,Technical_Data_Sheet,Autex Deep Dive - 3D Ceiling Tiles Data Sheet.pdf,Text Only,22,0
Product Rep,C_Interiors/Autex,Autex,Installation_Guide,Autex Deep Dive - 3D Ceiling Tiles Install Instructions.pdf,Text Only,18,0
Product Rep,C_Interiors/Autex,Autex,Technical_Manual,Autex Deep Dive - 3D Ceiling Tiles Lookbook.pdf,Text Only,36,0
Product Rep,C_Interiors/Autex,Autex,Warranty,Autex Deep Dive - 3D Ceiling Tiles Manufacturers Warranty.pdf,Text Only,13,0
Product Rep,C_Interiors/Autex,Autex,Technical_Data_Sheet,Autex Deep Dive - 3D Tiles Datasheet.pdf,Text Only,21,0
Product Rep,C_Interiors/Autex,Autex,Technical_Manual,Autex Deep Dive - 3D Tiles Lookbook.pdf,Text Only,16,0
Product Rep,C_Interiors/Autex,Autex,Warranty,Autex Deep Dive - 3D Tiles Manufacturers Warranty.pdf,Text Only,14,0
Product Rep,C_Interiors/Autex,Autex,Technical_Manual,Autex Deep Dive - Accent Ceiling Tile Lookbook.pdf,Text Only,5,0
Product Rep,C_Interiors/Autex,Autex,Technical_Data_Sheet,Autex Deep Dive - Accent Ceiling Tiles Datasheet.pdf,Text Only,13,0
Product Rep,C_Interiors/Autex,Autex,Installation_Guide,Autex Deep Dive - Accent Ceiling Tiles Install Instructions.pdf,Text Only,11,0
Product Rep,C_Interiors/Autex,Autex,Technical_Manual,Autex Deep Dive - Accent Ceiling Tiles Manufacturers Guarantee.pdf,Text Only,13,0
Product Rep,C_Interiors/Autex,Autex,Technical_Data_Sheet,Autex Deep Dive - Acoustic Timber Ceiling Tiles Data Sheet NZ.pdf,Text Only,13,0
Product Rep,C_Interiors/Autex,Autex,Installation_Guide,Autex Deep Dive - Acoustic Timber Ceiling Tiles Install Instructions.pdf,Text Only,10,0
Product Rep,C_Interiors/Autex,Autex,Technical_Manual,Autex Deep Dive - Acoustic Timber Ceiling Tiles Manufacturers Guarantee.pdf,Text Only,19,0
Product Rep,C_Interiors/Autex,Autex,Technical_Manual,Autex Deep Dive - Acoustic Timber Lookbook NZ.pdf,Text Only,8,0
Product Rep,C_Interiors/Autex,Autex,Technical_Data_Sheet,Autex Deep Dive - Acoustic Timber Panel Data Sheet NZ.pdf,Text Only,15,0
Product Rep,C_Interiors/Autex,Autex,Installation_Guide,Autex Deep Dive - Acoustic Timber Panel Install Instructions.pdf,Text Only,6,0
Product Rep,C_Interiors/Autex,Autex,Technical_Manual,Autex Deep Dive - Acoustic Timber Panel Manufacturers Guarantee.pdf,Text Only,21,0
Product Rep,C_Interiors/Autex,Autex,Technical_Data_Sheet,Autex Deep Dive - Acoustic Timber Raft Data Sheet NZ.pdf,Text Only,7,0
Product Rep,C_Interiors/Autex,Autex,Technical_Manual,Autex Deep Dive - Acoustic Timber Raft Manufacturers Guarantee.pdf,Text Only,13,0
Product Rep,C_Interiors/Autex,Autex,Care_Guide,Autex Deep Dive - Care and Maintenance.pdf,Text Only,5,0
Product Rep,C_Interiors/Autex,Autex,Technical_Data_Sheet,Autex Deep Dive - Cascade Data Sheet.pdf,Text Only,1,0
Product Rep,C_Interiors/Autex,Autex,Installation_Guide,Autex Deep Dive - Cascade Installation Instructions.pdf,Text Only,1,0
Product Rep,C_Interiors/Autex,Autex,CAD_Files,Autex Deep Dive - Cascade Lookbook.pdf,Text Only,5,0
Product Rep,C_Interiors/Autex,Autex,CAD_Files,Autex Deep Dive - Cascade Manufacturers Guarantee.pdf,Text Only,9,0
Product Rep,C_Interiors/Autex,Autex,Technical_Data_Sheet,Autex Deep Dive - Composition DataSheet NZ_AU.pdf,Text Only,7,0
Product Rep,C_Interiors/Autex,Autex,Installation_Guide,Autex Deep Dive - Composition Install Instructions.pdf,Text Only,7,0
Product Rep,C_Interiors/Autex,Autex,Technical_Manual,Autex Deep Dive - Composition Lookbook.pdf,Text Only,8,0
Product Rep,C_Interiors/Autex,Autex,Technical_Manual,Autex Deep Dive - Composition Manufacturers Guarantee NZ_AU.pdf,Text Only,14,0
Product Rep,C_Interiors/Autex,Autex,Technical_Data_Sheet,Autex Deep Dive - Composition PNS Datasheet.pdf,Text Only,2,0
Product Rep,C_Interiors/Autex,Autex,Installation_Guide,Autex Deep Dive - Composition PNS Install Instructions.pdf,Text Only,3,0
Product Rep,C_Interiors/Autex,Autex,Technical_Manual,Autex Deep Dive - Composition PNS Lookbook.pdf,Text Only,15,0
Product Rep,C_Interiors/Autex,Autex,Warranty,Autex Deep Dive - Composition PNS Manufacturers Warranty.pdf,Text Only,29,0
Product Rep,C_Interiors/Autex,Autex,Technical_Data_Sheet,Autex Deep Dive - Cove Datasheet.pdf,Text Only,6,0
Product Rep,C_Interiors/Autex,Autex,Technical_Manual,Autex Deep Dive - Cove Lookbook.pdf,Text Only,3,0
Product Rep,C_Interiors/Autex,Autex,Warranty,Autex Deep Dive - Cove Manufacturers Warranty.pdf,Text Only,26,0
Product Rep,C_Interiors/Autex,Autex,Technical_Data_Sheet,Autex Deep Dive - Cube Datasheet.pdf,Text Only,6,0
Product Rep,C_Interiors/Autex,Autex,Installation_Guide,Autex Deep Dive - Cube Install Instructions.pdf,Text Only,23,0
Product Rep,C_Interiors/Autex,Autex,Technical_Manual,Autex Deep Dive - Cube Lookbook.pdf,Text Only,13,0
Product Rep,C_Interiors/Autex,Autex,Technical_Manual,Autex Deep Dive - Cube Manufacturers Guarantee.pdf,Text Only,25,0
Product Rep,C_Interiors/Autex,Autex,Installation_Guide,Autex Deep Dive - Custom Surface Finishes guide.pdf,Text Only,12,0
Product Rep,C_Interiors/Autex,Autex,Installation_Guide,Autex Deep Dive - Embrace Install Guide NZ.pdf,Text Only,43,0
Product Rep,C_Interiors/Autex,Autex,Installation_Guide,Autex Deep Dive - Embrace Specification Guide.pdf,Text Only,53,0
Product Rep,C_Interiors/Autex,Autex,Technical_Manual,Autex Deep Dive - Frontier Fin Manufacturers Guarantee.pdf,Text Only,8,0
Product Rep,C_Interiors/Autex,Autex,Technical_Data_Sheet,Autex Deep Dive - Frontier Fins Data Sheet.pdf,Text Only,26,0
Product Rep,C_Interiors/Autex,Autex,Installation_Guide,Autex Deep Dive - Frontier Installation Instructions_Metric.pdf,Text Only,115,0
Product Rep,C_Interiors/Autex,Autex,Technical_Manual,Autex Deep Dive - Frontier Lookbook.pdf,Text Only,42,0
Product Rep,C_Interiors/Autex,Autex,Technical_Data_Sheet,Autex Deep Dive - Frontier Raft Data Sheet.pdf,Text Only,32,0
Product Rep,C_Interiors/Autex,Autex,Warranty,Autex Deep Dive - Frontier Raft Manufacturers Warranty.pdf,Text Only,4,0
Product Rep,C_Interiors/Autex,Autex,Installation_Guide,Autex Deep Dive - Grid Ceiling Tiles Install Instructions.pdf,Text Only,41,0
Product Rep,C_Interiors/Autex,Autex,Technical_Data_Sheet,Autex Deep Dive - Grid Ceiling Tiles_Data Sheet.pdf,Text Only,49,0
Product Rep,C_Interiors/Autex,Autex,Technical_Manual,Autex Deep Dive - Grid Ceiling Tiles_Lookbook.pdf,Text Only,24,0
Product Rep,C_Interiors/Autex,Autex,Technical_Manual,Autex Deep Dive - Grid Ceiling Tiles_Manufacturers Guarantee.pdf,Text Only,6,0
Product Rep,C_Interiors/Autex,Autex,Technical_Manual,Autex Deep Dive - Groove Information Sheet.pdf,Text Only,17,0
Product Rep,C_Interiors/Autex,Autex,Installation_Guide,Autex Deep Dive - Groove Install Instructions.pdf,Text Only,127,0
Product Rep,C_Interiors/Autex,Autex,Installation_Guide,Autex Deep Dive - Groove Specification Guide NZ.pdf,Text Only,271,0
Product Rep,C_Interiors/Autex,Autex,Technical_Manual,Autex Deep Dive - Highly Humid Environments.pdf,Text Only,82,0
Product Rep,C_Interiors/Autex,Autex,Technical_Data_Sheet,Autex Deep Dive - Horizon Data Sheet.pdf,Text Only,167,0
Product Rep,C_Interiors/Autex,Autex,Installation_Guide,Autex Deep Dive - Horizon Install Instructions.pdf,Text Only,173,0
Product Rep,C_Interiors/Autex,Autex,Technical_Manual,Autex Deep Dive - Horizon Lookbook.pdf,Text Only,20,0
Product Rep,C_Interiors/Autex,Autex,Technical_Manual,Autex Deep Dive - Horizon Manufacturers Guarantee.pdf,Text Only,11,0
Product Rep,C_Interiors/Autex,Autex,Installation_Guide,Autex Deep Dive - IA_RE - NZ ReForm Install Instructions_March24_MG.pdf,Text Only,193,0
Product Rep,C_Interiors/Autex,Autex,Technical_Data_Sheet,Autex Deep Dive - Lanes Data Sheet WEB.pdf,Text Only,69,0
Product Rep,C_Interiors/Autex,Autex,Installation_Guide,Autex Deep Dive - Lanes Install Instructions WEB.pdf,Text Only,46,0
Product Rep,C_Interiors/Autex,Autex,Technical_Manual,Autex Deep Dive - Lanes Lookbook.pdf,Text Only,57,0
Product Rep,C_Interiors/Autex,Autex,Technical_Manual,Autex Deep Dive - Lanes Manufacturers Guarantee WEB.pdf,Text Only,16,0
Product Rep,C_Interiors/Autex,Autex,Technical_Data_Sheet,Autex Deep Dive - Lattice Data Sheet.pdf,Text Only,115,0
Product Rep,C_Interiors/Autex,Autex,Installation_Guide,Autex Deep Dive - Lattice Install Instructions.pdf,Text Only,53,0
Product Rep,C_Interiors/Autex,Autex,Technical_Manual,Autex Deep Dive - Lattice Lookbook.pdf,Text Only,12,0
Product Rep,C_Interiors/Autex,Autex,Technical_Manual,Autex Deep Dive - Lattice Manufacturers Guarantee.pdf,Text Only,21,0
Product Rep,C_Interiors/Autex,Autex,Technical_Data_Sheet,Autex Deep Dive - Material Safety Datasheet.pdf,Text Only,66,0
Product Rep,C_Interiors/Autex,Autex,Technical_Data_Sheet,Autex Deep Dive - Mirage Data Sheet.pdf,Text Only,81,0
Product Rep,C_Interiors/Autex,Autex,Installation_Guide,Autex Deep Dive - Mirage Install Instructions NZ UK.pdf,Text Only,230,0
Product Rep,C_Interiors/Autex,Autex,Technical_Manual,Autex Deep Dive - Mirage Lookbook NZ UK.pdf,Text Only,143,0
Product Rep,C_Interiors/Autex,Autex,Technical_Manual,Autex Deep Dive - Mirage Manufacturer's Guarantee NZ UK.pdf,Text Only,28,0
Product Rep,C_Interiors/Autex,Autex,Technical_Manual,Autex Deep Dive - NZ Product Information Requirements.pdf,Text Only,506,0
Product Rep,C_Interiors/Autex,Autex,Installation_Guide,Autex Deep Dive - NZ_Colour Guide.pdf,Text Only,107,0
Product Rep,C_Interiors/Autex,Autex,Installation_Guide,Autex Deep Dive - QS NZ Panel Install Instructions.pdf,Text Only,90,0
Product Rep,C_Interiors/Autex,Autex,Technical_Manual,Autex Deep Dive - QS NZ Panel Manufacturers Guarantee.pdf,Text Only,27,0
Product Rep,C_Interiors/Autex,Autex,Technical_Data_Sheet,Autex Deep Dive - QS NZ Panel_Datasheet.pdf,Text Only,32,0
Product Rep,C_Interiors/Autex,Autex,Technical_Manual,Autex Deep Dive - QS Panel Lookbook.pdf,Text Only,12,0
Product Rep,C_Interiors/Autex,Autex,Color_Chart,Autex Deep Dive - RGB Cube Colour Match.pdf,Text Only,4,0
Product Rep,C_Interiors/Autex,Autex,Color_Chart,Autex Deep Dive - RGB Vertiface Colour Match.pdf,Text Only,5,0
Product Rep,C_Interiors/Autex,Autex,Technical_Data_Sheet,Autex Deep Dive - ReForm Data Sheet.pdf,Text Only,26,0
Product Rep,C_Interiors/Autex,Autex,Technical_Manual,Autex Deep Dive - ReForm Lookbook.pdf,Text Only,29,0
Product Rep,C_Interiors/Autex,Autex,Technical_Manual,Autex Deep Dive - ReForm Manufacturers Guarantee.pdf,Text Only,24,0
Product Rep,C_Interiors/Autex,Autex,Installation_Guide,Autex Deep Dive - SpinFix Product Guide.pdf,Text Only,18,0
Product Rep,C_Interiors/Autex,Autex,Installation_Guide,Autex Deep Dive - Surface Finishes Install Instructions.pdf,Text Only,51,0
Product Rep,C_Interiors/Autex,Autex,Technical_Manual,Autex Deep Dive - Surface Finishes Lookbook.pdf,Text Only,45,0
Product Rep,C_Interiors/Autex,Autex,Technical_Manual,Autex Deep Dive - Surface Finishes Manufacturers Guarantee.pdf,Text Only,21,0
Product Rep,C_Interiors/Autex,Autex,Color_Chart,Autex Deep Dive - Vertiface Colour Match.pdf,Text Only,17,0
Product Rep,C_Interiors/Autex,Autex,Technical_Data_Sheet,Autex Deep Dive - Vertiface Datasheet.pdf,Text Only,28,0
Product Rep,C_Interiors/Autex,Autex,Installation_Guide,Autex Deep Dive - Vertiface Install Instructions.pdf,Text Only,37,0
Product Rep,C_Interiors/Autex,Autex,Technical_Manual,Autex Deep Dive - Vertiface Lookbook.pdf,Text Only,6,0
Product Rep,C_Interiors/Autex,Autex,Warranty,Autex Deep Dive - Vertiface Manufacturers Warranty.pdf,Text Only,18,0
Product Rep,C_Interiors/Autex,Autex,Technical_Manual,Autex Deep Dive - Vicinity Workstation Path to specify NZ.pdf,Text Only,16,0
Product Rep,C_Interiors/Autex,Autex,Technical_Data_Sheet,Autex Deep Dive - Vicinity Workstation Screens Data Sheet NZ.pdf,Text Only,25,0
Product Rep,C_Interiors/Autex,Autex,Installation_Guide,Autex Deep Dive - Vicinity Workstation Screens Install Instructions NZ.pdf,Text Only,9,0
Product Rep,C_Interiors/Autex,Autex,Technical_Manual,Autex Deep Dive - Vicinity Workstation Screens Lookbook NZ.pdf,Text Only,21,0
Product Rep,C_Interiors/Autex,Autex,Technical_Manual,Autex Deep Dive - Vicinity Workstation Screens Manufacturers Guarantee.pdf,Text Only,23,0
Product Rep,C_Interiors/Autex,Autex,Installation_Guide,Autex Deep Dive - Wool Fabric Care and Maintenance Guide NZ.pdf,Text Only,10,0
Product Rep,C_Interiors/Autex,GreenStuf,Technical_Data_Sheet,GreenStuf Deep Dive - ADW Autex Duct Wrap Datasheet.pdf,Text Only,7,0
Product Rep,C_Interiors/Autex,GreenStuf,Technical_Data_Sheet,GreenStuf Deep Dive - ARD Autex Rigid Duct Liner Datasheet.pdf,Text Only,4,0
Product Rep,C_Interiors/Bradford,Bradford,Product_Manual,Bradford Deep Dive - 15934_633 Rangitukia Road Tikitiki_Ground Investigation Report.pdf,Text Only,12,0
Product Rep,C_Interiors/Bradford,Bradford,Safety_Data_Sheet,Bradford Deep Dive - 1720_yConnect_Document_Thermoseal Thermofoil Thermoplast MSDS.pdf,Text Only,11,0
Product Rep,C_Interiors/Bradford,Bradford,Product_Manual,Bradford Deep Dive - 1894_yConnect_Document_Anticon Residential Install Guide_Method 1_Vertical rollout over battens.pdf,Text Only,13,0
Product Rep,C_Interiors/Bradford,Bradford,Product_Manual,Bradford Deep Dive - 1895_yConnect_Document_Anticon Residential Install Guide_Method 2_Horizontal rollout over battens.pdf,Text Only,4,0
Product Rep,C_Interiors/Bradford,Bradford,Installation_Guide,Bradford Deep Dive - 1896_yConnect_Document_Anticon Residential Install Guide_Method 3_Horizontal rollout under battens.pdf,Text Only,6,0
Product Rep,C_Interiors/Bradford,Bradford,Product_Manual,Bradford Deep Dive - 1900_yConnect_Document_Ashgrid Spacer System Installation Guide.pdf,Text Only,5,0
Product Rep,C_Interiors/Bradford,Bradford,Safety_Data_Sheet,Bradford Deep Dive - 1929_yConnect_Document_Bradford Glasswool Insulation SDS _GW_005_221025.pdf,Text Only,25,0
Product Rep,C_Interiors/Bradford,Bradford,Installation_Guide,Bradford Deep Dive - 1930_yConnect_Document_Installation Instructions - Ceiling Insulation.pdf,Text Only,11,0
Product Rep,C_Interiors/Bradford,Bradford,Product_Manual,Bradford Deep Dive - 1931_yConnect_Document_Installation Instructions - Wall Insulation.pdf,Text Only,1,0
Product Rep,C_Interiors/Bradford,Bradford,Product_Guide,Bradford Deep Dive - 1936_yConnect_Document_Optimo Retrofit Brochure.pdf,Text Only,8,0
Product Rep,C_Interiors/Bradford,Bradford,Product_Manual,Bradford Deep Dive - 1937_yConnect_Document_Optimo Underfloor Insulation Installation Instructions.pdf,Text Only,3,0
Product Rep,C_Interiors/Bradford,Bradford,Technical_Data_Sheet,Bradford Deep Dive - 1939_yConnect_Document_Quietel Product Technical Statement.pdf,Text Only,7,0
Product Rep,C_Interiors/Bradford,Bradford,Safety_Data_Sheet,Bradford Deep Dive - 1941_yConnect_Document_Bradford Stone Wool Insulation SDS_RW_003_221025.pdf,Text Only,31,0
Product Rep,C_Interiors/Bradford,Bradford,Product_Manual,Bradford Deep Dive - 2150_yConnect_Document_Installation Guide Roof Valve With Duct Collar.pdf,Text Only,10,0
Product Rep,C_Interiors/Bradford,Bradford,Technical_Data_Sheet,Bradford Deep Dive - 2156_yConnect_Document_SOLARXVENT Product Technical Statement.pdf,Text Only,2,0
Product Rep,C_Interiors/Bradford,Bradford,Product_Manual,Bradford Deep Dive - 2157_yConnect_Document_Installation Guide SOLARXVENT.pdf,Text Only,19,0
Product Rep,C_Interiors/Bradford,Bradford,Technical_Data_Sheet,Bradford Deep Dive - 2174_yConnect_Document_WINDMASTER DTC Product Technical Statement.pdf,Text Only,3,0
Product Rep,C_Interiors/Bradford,Bradford,Installation_Guide,Bradford Deep Dive - 2175_yConnect_Document_Installation Guide WINDMASTER.pdf,Text Only,14,0
Product Rep,C_Interiors/Bradford,Bradford,Technical_Data_Sheet,Bradford Deep Dive - 2182_yConnect_Document_SUPAVENT Product Technical Statement.pdf,Text Only,4,0
Product Rep,C_Interiors/Bradford,Bradford,Technical_Data_Sheet,Bradford Deep Dive - 2184_yConnect_Document_TURBOBEAM Product Technical Statement.pdf,Text Only,8,0
Product Rep,C_Interiors/Bradford,Bradford,Technical_Data_Sheet,Bradford Deep Dive - 2185_yConnect_Document_Turboventura Product Technical Statement.pdf,Text Only,1,0
Product Rep,C_Interiors/Bradford,Bradford,Technical_Data_Sheet,Bradford Deep Dive - 2191_yConnect_Document_Product Technical Statement HURRICANE BAL Turbone Ventilator.pdf,Text Only,6,0
Product Rep,C_Interiors/Bradford,Bradford,Product_Guide,Bradford Deep Dive - 2198_yConnect_Document_Brochure HURRICANE Wind Ventilation.pdf,Text Only,17,0
Product Rep,C_Interiors/Bradford,Bradford,Technical_Data_Sheet,Bradford Deep Dive - 2199_yConnect_Document_HURRICANE Standard Product Technical Statement.pdf,Text Only,17,0
Product Rep,C_Interiors/Bradford,Bradford,Technical_Data_Sheet,Bradford Deep Dive - 2205_yConnect_Document_Product Technical Statement AIROMATIC.pdf,Text Only,12,0
Product Rep,C_Interiors/Bradford,Bradford,Product_Guide,Bradford Deep Dive - 2207_yConnect_Document_Brochure Commercial Product Range.pdf,Text Only,43,0
Product Rep,C_Interiors/Bradford,Bradford,Product_Guide,Bradford Deep Dive - 2214_yConnect_Document_Brochure ECOPOWER Hybrid Ventilation.pdf,Text Only,66,0
Product Rep,C_Interiors/Bradford,Bradford,Technical_Data_Sheet,Bradford Deep Dive - 2216_yConnect_Document_Technical Data Sheet ECOPOWER.pdf,Text Only,24,0
Product Rep,C_Interiors/Bradford,Bradford,Product_Manual,Bradford Deep Dive - 2218_yConnect_Document_Installation Guide GENERAL PURPOSE VENT.pdf,Text Only,2,0
Product Rep,C_Interiors/Bradford,Bradford,Product_Manual,Bradford Deep Dive - 2220_yConnect_Document_Installation Guide MAESTRO BAL.pdf,Text Only,29,0
Product Rep,C_Interiors/Bradford,Bradford,Technical_Data_Sheet,Bradford Deep Dive - 2222_yConnect_Document_GENERAL PURPOSE VENT Technical Data Sheet.pdf,Text Only,6,0
Product Rep,C_Interiors/Bradford,Bradford,Product_Manual,Bradford Deep Dive - 2223_yConnect_Document_Installation Guide ECOFAN.pdf,Text Only,16,0
Product Rep,C_Interiors/Bradford,Bradford,Product_Manual,Bradford Deep Dive - 3192_yConnect_Document_Installation Guide AIROMATIC.pdf,Text Only,28,0
Product Rep,C_Interiors/Bradford,Bradford,Product_Guide,Bradford Deep Dive - 3193_yConnect_Document_Brochure MAESTRO BAL.pdf,Text Only,6,0
Product Rep,C_Interiors/Bradford,Bradford,Product_Guide,Bradford Deep Dive - 3195_yConnect_Document_Brochure AIROMATIC.pdf,Text Only,4,0
Product Rep,C_Interiors/Bradford,Bradford,Product_Guide,Bradford Deep Dive - 3196_yConnect_Document_Brochure TURBOVENTURA.pdf,Text Only,4,0
Product Rep,C_Interiors/Bradford,Bradford,Product_Guide,Bradford Deep Dive - 3200_yConnect_Document_Brochure SUPAVENT.pdf,Text Only,3,0
Product Rep,C_Interiors/Bradford,Bradford,Product_Guide,Bradford Deep Dive - 3201_yConnect_Document_Brochure TURBOBEAM.pdf,Text Only,2,0
Product Rep,C_Interiors/Bradford,Bradford,Technical_Data_Sheet,Bradford Deep Dive - 52530_yConnect_Document_Metal_Eave_Vent_Bradford_Ventilation_PTS528_C.pdf,Text Only,5,0
Product Rep,C_Interiors/Bradford,Bradford,Technical_Data_Sheet,Bradford Deep Dive - 52531_yConnect_Document_Poly_Eave_Vent_Bradford_Ventilation_PTS530_C.pdf,Text Only,5,0
Product Rep,C_Interiors/Bradford,Bradford,Technical_Data_Sheet,Bradford Deep Dive - 52533_yConnect_Document_Maestro_BAL_Static_Roof_Ventilator_Bradford_Ventilation_PTS540_B.pdf,Text Only,8,0
Product Rep,C_Interiors/Bradford,Bradford,Technical_Data_Sheet,Bradford Deep Dive - 52538_yConnect_Document_Roof_Valve_BAL_Static_Ventilator_Bradford_Ventilation_PTS518_D.pdf,Text Only,21,0
Product Rep,C_Interiors/Bradford,Bradford,Technical_Data_Sheet,Bradford Deep Dive - 52545_yConnect_Document_E-Duct_Ventilator_Bradford_Ventilation_PTS526_B.pdf,Text Only,8,0
Product Rep,C_Interiors/Bradford,Bradford,Technical_Data_Sheet,Bradford Deep Dive - 52546_yConnect_Document_Hurricane_FR_Turbine_Ventilator_Bradford_Ventilation_PTS514_C.pdf,Text Only,15,0
Product Rep,C_Interiors/Bradford,Bradford,Technical_Data_Sheet,Bradford Deep Dive - 52547_yConnect_Document_Roof_Valve_Static_Ventilator_Bradford_Ventilation_PTS510_C.pdf,Text Only,17,0
Product Rep,C_Interiors/Bradford,Bradford,Technical_Data_Sheet,Bradford Deep Dive - 52550_yConnect_Document_Hurricane_HI_Turbine_Ventilator_Bradford_Ventilation_PTS515_C.pdf,Text Only,10,0
Product Rep,C_Interiors/Bradford,Bradford,Technical_Data_Sheet,Bradford Deep Dive - 52551_yConnect_Document_Hurricane_S2_Turbine_Ventilator_Bradford_Ventilation_PTS519_B.pdf,Text Only,15,0
Product Rep,C_Interiors/Bradford,Bradford,Product_Guide,Bradford Deep Dive - 63652_yConnect_Document_WindMaster Flyer.pdf,Text Only,3,0
Product Rep,C_Interiors/Bradford,Bradford,Product_Guide,Bradford Deep Dive - 63655_yConnect_Document_Residential Ventilation Brochure.pdf,Text Only,38,0
Product Rep,C_Interiors/Bradford,Bradford,Installation_Guide,Bradford Deep Dive - 66859_yConnect_Document_Industrial Vent Installation Manual.pdf,Text Only,75,0
Product Rep,C_Interiors/Bradford,Bradford,Product_Manual,Bradford Deep Dive - 69023_yConnect_Document_Residential-natural-ventilator-installation-instructions---metal-and-tile-final.pdf,Text Only,9,0
Product Rep,C_Interiors/Bradford,Bradford,Warranty,Bradford Deep Dive - 69193_yConnect_Document_iduct-educt-static-warranty.pdf,Text Only,2,0
Product Rep,C_Interiors/Bradford,Bradford,Warranty,Bradford Deep Dive - 69194_yConnect_Document_hurricane-hi-900-warranty.pdf,Text Only,2,0
Product Rep,C_Interiors/Bradford,Bradford,Warranty,Bradford Deep Dive - 69195_yConnect_Document_bradford-hurricane-cr-warranty_v2.pdf,Text Only,4,0
Product Rep,C_Interiors/Bradford,Bradford,Warranty,Bradford Deep Dive - 69197_yConnect_Document_hurricane-fr900-warranty.pdf,Text Only,1,0
Product Rep,C_Interiors/Bradford,Bradford,Warranty,Bradford Deep Dive - 69198_yConnect_Document_windmaster-bal-warranty.pdf,Text Only,1,0
Product Rep,C_Interiors/Bradford,Bradford,Warranty,Bradford Deep Dive - 69201_yConnect_Document_ecopower-400-900-warranty.pdf,Text Only,1,0
Product Rep,C_Interiors/Bradford,Bradford,Warranty,Bradford Deep Dive - 69202_yConnect_Document_windmaster-warranty.pdf,Text Only,2,0
Product Rep,C_Interiors/Bradford,Bradford,Warranty,Bradford Deep Dive - 69207_yConnect_Document_roof-valve-warranty.pdf,Text Only,1,0
Product Rep,C_Interiors/Bradford,Bradford,Warranty,Bradford Deep Dive - 69209_yConnect_Document_airomatic-warranty.pdf,Text Only,1,0
Product Rep,C_Interiors/Bradford,Bradford,Product_Manual,Bradford Deep Dive - 77779_yConnect_Document_Installation Instruction - Perimeter Spacer.pdf,Text Only,1,0
Product Rep,C_Interiors/Bradford,Bradford,Warranty,Bradford Deep Dive - 83261_yConnect_Document_Bradford Roof Spacer Systems Commercial Product Warranty.pdf,Text Only,1,0
Product Rep,C_Interiors/Bradford,Bradford,Product_Guide,Bradford Deep Dive - 83545_yConnect_Document_roof-valve-bal-flyer.pdf,Text Only,2,0
Product Rep,C_Interiors/Bradford,Bradford,Technical_Data_Sheet,Bradford Deep Dive - 85495_yConnect_Document_NZ_anticon-and-anticon-hp-roofing-blanket_bradford_pts361.pdf,Text Only,10,0
Product Rep,C_Interiors/Bradford,Bradford,Technical_Data_Sheet,Bradford Deep Dive - 85534_yConnect_Document_NZ_glasswool-building-blanket_bradford_pts364_f.pdf,Text Only,4,0
Product Rep,C_Interiors/Bradford,Bradford,Technical_Data_Sheet,Bradford Deep Dive - 85535_yConnect_Document_NZ_Gold Gold Hi-Performance_Bradford_PTS350_E.pdf,Text Only,12,0
Product Rep,C_Interiors/Bradford,Bradford,Technical_Data_Sheet,Bradford Deep Dive - 85537_yConnect_Document_NZ_gw-acoustigard-rolls.pdf,Text Only,8,0
Product Rep,C_Interiors/Bradford,Bradford,Technical_Data_Sheet,Bradford Deep Dive - 85538_yConnect_Document_NZ_rw-fireseal-party-wall-sealer.pdf,Text Only,1,0
Product Rep,C_Interiors/Bradford,Bradford,Technical_Data_Sheet,Bradford Deep Dive - 85540_yConnect_Document_NZ_optimo-underfloor-insulation_bradford_pts358_e.pdf,Text Only,3,0
Product Rep,C_Interiors/Bradford,Bradford,Technical_Data_Sheet,Bradford Deep Dive - 85557_yConnect_Document_NZ_multitel-hvac-blanket_bradford_pts368_d.pdf,Text Only,8,0
Product Rep,C_Interiors/Bradford,Bradford,Technical_Data_Sheet,Bradford Deep Dive - 85600_yConnect_Document_NZ_supertel-hvac-blankets_bradford_pts371_d (1).pdf,Text Only,8,0
Product Rep,C_Interiors/Bradford,Bradford,Technical_Data_Sheet,Bradford Deep Dive - 85601_yConnect_Document_NZ_supertel-hvac-boards_bradford_pts370_d.pdf,Text Only,11,0
Product Rep,C_Interiors/Bradford,Bradford,Technical_Data_Sheet,Bradford Deep Dive - 85602_yConnect_Document_NZ_ultratel-hvac-blanket_bradford_pts373_d.pdf,Text Only,7,0
Product Rep,C_Interiors/Bradford,Bradford,Technical_Data_Sheet,Bradford Deep Dive - 85603_yConnect_Document_NZ_ultratel-hvac-boards_bradford_pts372_d.pdf,Text Only,9,0
Product Rep,C_Interiors/Bradford,Bradford,Technical_Data_Sheet,Bradford Deep Dive - 85606_yConnect_Document_NZ_Bradford Fibertex Unfaced_Bradford_PTS351_B.pdf,Text Only,7,0
Product Rep,C_Interiors/Bradford,Bradford,Technical_Data_Sheet,Bradford Deep Dive - 85781_yConnect_Document_NZ_gw-acoustic-gold.pdf,Text Only,6,0
Product Rep,C_Interiors/Earthwool,Earthwool,Certification,Earthwool Deep Dive - BRANZ Certificate.pdf,Text Only,13,0
Product Rep,C_Interiors/Earthwool,Earthwool,Certification,Earthwool Deep Dive - CodeMark Certificate.pdf,Text Only,11,0
Product Rep,C_Interiors/Earthwool,Earthwool,Installation_Guide,Earthwool Deep Dive - Earthwool Glasswool Product Guide.pdf,Text Only,10,0
Product Rep,C_Interiors/Earthwool,Earthwool,BPIR_Declaration,Earthwool Deep Dive - Earthwool glasswool Building Product Information Sheet.pdf,Text Only,13,0
Product Rep,C_Interiors/Earthwool,Earthwool,Technical_Data_Sheet,Earthwool Deep Dive - Earthwool glasswool Ceiling - Skillion Roof Datasheet.pdf,Text Only,4,0
Product Rep,C_Interiors/Earthwool,Earthwool,Technical_Data_Sheet,Earthwool Deep Dive - Earthwool glasswool Floorshield Underfloor Datasheet.pdf,Text Only,8,0
Product Rep,C_Interiors/Earthwool,Earthwool,Installation_Guide,Earthwool Deep Dive - Earthwool glasswool Floorshield Underfloor Installation Instructions.pdf,Text Only,10,0
Product Rep,C_Interiors/Earthwool,Earthwool,Product_Guide,Earthwool Deep Dive - Earthwool glasswool Product Finder.pdf,Text Only,4,0
Product Rep,C_Interiors/Earthwool,Earthwool,Product_Guide,Earthwool Deep Dive - Earthwool glasswool Product Flyer.pdf,Text Only,1,0
Product Rep,C_Interiors/Earthwool,Earthwool,Technical_Data_Sheet,Earthwool Deep Dive - Earthwool glasswool Underfloor Roll Datasheet.pdf,Text Only,2,0
Product Rep,C_Interiors/Earthwool,Earthwool,Installation_Guide,Earthwool Deep Dive - Earthwool glasswool Underfloor Roll Installation Instructions.pdf,Text Only,2,0
Product Rep,C_Interiors/Earthwool,Earthwool,Installation_Guide,Earthwool Deep Dive - Earthwool glasswool Wall Installation Instructions.pdf,Text Only,2,0
Product Rep,C_Interiors/Expol,Expol,Technical_Manual,Expol Deep Dive - 256_2020_A1.pdf,Text Only,12,0
Product Rep,C_Interiors/Expol,Expol,Technical_Manual,Expol Deep Dive - Building-Product-Information-Sheet-EXPOL-EPS-Sheet-aug-27-2024.pdf,Text Only,8,0
Product Rep,C_Interiors/Expol,Expol,Technical_Manual,Expol Deep Dive - Building-Product-Information-Sheet-EXPOL-Emperor-Panel-April-2023.pdf,Text Only,8,0
Product Rep,C_Interiors/Expol,Expol,Technical_Manual,Expol Deep Dive - Building-Product-Information-Sheet-EXPOL-GeoFoam-April-2023.pdf,Text Only,11,0
Product Rep,C_Interiors/Expol,Expol,Technical_Manual,Expol Deep Dive - Building-Product-Information-Sheet-EXPOL-SLABX200-aug-2024.pdf,Text Only,1,0
Product Rep,C_Interiors/Expol,Expol,Technical_Manual,Expol Deep Dive - Building-Product-Information-Sheet-EXPOL-ThermaSlab-Edge-July-2023.pdf,Text Only,5,0
Product Rep,C_Interiors/Expol,Expol,Technical_Manual,Expol Deep Dive - Building-Product-Information-Sheet-EXPOL-Tuff-Pods-April-2023.pdf,Text Only,1,0
Product Rep,C_Interiors/Expol,Expol,Technical_Manual,Expol Deep Dive - EXPOL-GeoFoam-Technical-Guide-2022.pdf,Text Only,8,0
Product Rep,C_Interiors/Expol,Expol,Product_Guide,Expol Deep Dive - EXPOL-MAXEdge-Brochure.pdf,Text Only,1,0
Product Rep,C_Interiors/Expol,Expol,Technical_Manual,Expol Deep Dive - EXPOL-Tech-Guide-2025-webv1.pdf,Text Only,135,0
Product Rep,C_Interiors/Expol,Expol,Technical_Manual,Expol Deep Dive - EXPOL-Technical-Guide-2023-UnderFloor-Section.pdf,Text Only,12,0
Product Rep,C_Interiors/Expol,Expol,Product_Guide,Expol Deep Dive - EXPOL-ThermaSlab-Edge-Brochure-August2023.pdf,Text Only,5,0
Product Rep,C_Interiors/Expol,Expol,Technical_Data_Sheet,Expol Deep Dive - Technical Data Sheet - EXPOL GeoFoam Family (EPS) (August 2025).pdf,Text Only,3,0
Product Rep,C_Interiors/Expol,Expol,Technical_Data_Sheet,Expol Deep Dive - Technical Data Sheet - EXPOL SLABX200 (EPS) (September 2022).pdf,Text Only,5,0
Product Rep,C_Interiors/Expol,Expol,Technical_Data_Sheet,Expol Deep Dive - Technical Data Sheet - EXPOL StyroDrain (EPS) (September 2022).pdf,Text Only,3,0
Product Rep,C_Interiors/Expol,Expol,Technical_Data_Sheet,Expol Deep Dive - Technical Data Sheet - EXPOL ThermaSlab Edge (XPS) (July 2023).pdf,Text Only,3,0
Product Rep,C_Interiors/Expol,Expol,Technical_Data_Sheet,Expol Deep Dive - Technical Data Sheet - EXPOL ThermaSlab Family (EPS) (August 2025).pdf,Text Only,5,0
Product Rep,C_Interiors/Expol,Expol,Technical_Data_Sheet,Expol Deep Dive - Technical Data Sheet - EXPOL UnderFloor Insulation Family (August 2025).pdf,Text Only,4,0
Product Rep,C_Interiors/Expol,Expol,Technical_Manual,Expol Deep Dive - Technical-Data-Sheet-EXPOL-Platinum-Board-EPS-December-2024.pdf,Text Only,4,0
Product Rep,C_Interiors/Expol,Expol,Technical_Manual,Expol Deep Dive - Technical-Data-Sheet-EXPOL-X-XPS-July-2023.pdf,Text Only,1,0
Product Rep,C_Interiors/GIB,GIB,Installation_Guide,GIB Full Suite,Text Only,724,0
Product Rep,C_Interiors/GIB,GIB,Installation_Guide,GIB Site Guide 2024,Text Only,595,0
Product Rep,C_Interiors/GreenStuf,GreenStuf,Technical_Data_Sheet,GreenStuf Deep Dive - AAB Datasheet.pdf,Text Only,10,0
Product Rep,C_Interiors/GreenStuf,GreenStuf,Installation_Guide,GreenStuf Deep Dive - AAB Install Instructions.pdf,Text Only,13,0
Product Rep,C_Interiors/GreenStuf,GreenStuf,Technical_Data_Sheet,GreenStuf Deep Dive - ASB Datasheet.pdf,Text Only,3,0
Product Rep,C_Interiors/GreenStuf,GreenStuf,Technical_Data_Sheet,GreenStuf Deep Dive - Baffleblock Datasheet.pdf,Text Only,6,0
Product Rep,C_Interiors/GreenStuf,GreenStuf,Product_Guide,GreenStuf Deep Dive - Downlight Installation Guide.pdf,Text Only,5,0
Product Rep,C_Interiors/GreenStuf,GreenStuf,Product_Guide,GreenStuf Deep Dive - Existing-Homes Brochure.pdf,Text Only,14,0
Product Rep,C_Interiors/GreenStuf,GreenStuf,Product_Guide,GreenStuf Deep Dive - GIB Noise Control Systems.pdf,Text Only,4,0
Product Rep,C_Interiors/GreenStuf,GreenStuf,Warranty,GreenStuf Deep Dive - GS Durability Warranty.pdf,Text Only,3,0
Product Rep,C_Interiors/GreenStuf,GreenStuf,Product_Guide,GreenStuf Deep Dive - GS Residential Guide .pdf,Text Only,17,0
Product Rep,C_Interiors/GreenStuf,GreenStuf,Technical_Data_Sheet,GreenStuf Deep Dive - GS Wool Building Product Information Requirements.pdf,Text Only,2,0
Product Rep,C_Interiors/GreenStuf,GreenStuf,Product_Guide,GreenStuf Deep Dive - GS_NZ_BR_H1 Compliance Toolkit_Nov22_CD.pdf,Text Only,1,0
Product Rep,C_Interiors/GreenStuf,GreenStuf,Technical_Data_Sheet,GreenStuf Deep Dive - GS_NZ_DS_BIB_May20_SB.pdf,Text Only,8,0
Product Rep,C_Interiors/GreenStuf,GreenStuf,Technical_Data_Sheet,GreenStuf Deep Dive - GS_NZ_PIR Panel_digital.pdf,Text Only,5,0
Product Rep,C_Interiors/GreenStuf,GreenStuf,Warranty,GreenStuf Deep Dive - GS_NZ_WT_Certificate of Warranty_Oct23_CD_digital.pdf,Text Only,5,0
Product Rep,C_Interiors/GreenStuf,GreenStuf,Installation_Guide,GreenStuf Deep Dive - GS_PIR Install Instructions_digital.pdf,Text Only,4,0
Product Rep,C_Interiors/GreenStuf,GreenStuf,Technical_Data_Sheet,GreenStuf Deep Dive - Garage Door Insulation Data Sheet.pdf,Text Only,6,0
Product Rep,C_Interiors/GreenStuf,GreenStuf,Product_Guide,GreenStuf Deep Dive - GreenStuf Product List.pdf,Text Only,2,0
Product Rep,C_Interiors/GreenStuf,GreenStuf,Technical_Data_Sheet,GreenStuf Deep Dive - Masonry Wall Blanket Datasheet.pdf,Text Only,9,0
Product Rep,C_Interiors/GreenStuf,GreenStuf,Installation_Guide,GreenStuf Deep Dive - Masonry Wall Blanket Install Instructions.pdf,Text Only,2,0
Product Rep,C_Interiors/GreenStuf,GreenStuf,Technical_Data_Sheet,GreenStuf Deep Dive - Material Safety Datasheet.pdf,Text Only,4,0
Product Rep,C_Interiors/GreenStuf,GreenStuf,Warranty,GreenStuf Deep Dive - Phenolic Foam Board Certificate of Warranty.pdf,Text Only,2,0
Product Rep,C_Interiors/GreenStuf,GreenStuf,Technical_Data_Sheet,GreenStuf Deep Dive - Phenolic Foam Board Data Sheet.pdf,Text Only,5,0
Product Rep,C_Interiors/GreenStuf,GreenStuf,Installation_Guide,GreenStuf Deep Dive - Phenolic Foam Board Install Instructions.pdf,Text Only,3,0
Product Rep,C_Interiors/GreenStuf,GreenStuf,Technical_Data_Sheet,GreenStuf Deep Dive - Phenolic Pipe Lagging Data Sheet.pdf,Text Only,5,0
Product Rep,C_Interiors/GreenStuf,GreenStuf,Technical_Data_Sheet,GreenStuf Deep Dive - Phenolic_PIR Building Product Information Requirements.pdf,Text Only,8,0
Product Rep,C_Interiors/GreenStuf,GreenStuf,Technical_Data_Sheet,GreenStuf Deep Dive - Sound Solution Data Sheet.pdf,Text Only,8,0
Product Rep,C_Interiors/GreenStuf,GreenStuf,Technical_Data_Sheet,GreenStuf Deep Dive - Thermal Ceiling Insulation Data Sheet.pdf,Text Only,6,0
Product Rep,C_Interiors/GreenStuf,GreenStuf,Installation_Guide,GreenStuf Deep Dive - Thermal Insulation.pdf,Text Only,7,0
Product Rep,C_Interiors/GreenStuf,GreenStuf,Technical_Data_Sheet,GreenStuf Deep Dive - Thermal Soffit Liner Data Sheet.pdf,Text Only,9,0
Product Rep,C_Interiors/GreenStuf,GreenStuf,Installation_Guide,GreenStuf Deep Dive - Thermal Soffit Liner Install Instructions.pdf,Text Only,8,0
Product Rep,C_Interiors/GreenStuf,GreenStuf,Technical_Data_Sheet,GreenStuf Deep Dive - Thermal Wall Insulation Data Sheet.pdf,Text Only,6,0
Product Rep,C_Interiors/GreenStuf,GreenStuf,Product_Guide,GreenStuf Deep Dive - Trade Guide.pdf,Text Only,6,0
Product Rep,C_Interiors/GreenStuf,GreenStuf,Technical_Data_Sheet,GreenStuf Deep Dive - Underfloor DataSheet.pdf,Text Only,6,0
Product Rep,C_Interiors/GreenStuf,GreenStuf,Installation_Guide,GreenStuf Deep Dive - Underfloor Install Instructions.pdf,Text Only,7,0
Product Rep,C_Interiors/GreenStuf,GreenStuf,Technical_Data_Sheet,GreenStuf Deep Dive - Wool Insulation Data Sheet.pdf,Text Only,2,0
Product Rep,C_Interiors/GreenStuf,GreenStuf,Installation_Guide,GreenStuf Deep Dive - Wool Insulation Install Instructions.pdf,Text Only,6,0
Product Rep,C_Interiors/GreenStuf,GreenStuf,Technical_Data_Sheet,GreenStuf Deep Dive - Wool Insulation Material Safety Data Sheet.pdf,Text Only,5,0
Product Rep,C_Interiors/Mammoth,Mammoth,Technical_Data_Sheet,Mammoth Deep Dive - Ceiling-blanket-insulation.pdf,Text Only,23,0
Product Rep,C_Interiors/Mammoth,Mammoth,Certification,Mammoth Deep Dive - InZone-Insulation-EC-25-Cert-to-Apr-26-1.pdf,Text Only,1,0
Product Rep,C_Interiors/Mammoth,Mammoth,Installation_Guide,Mammoth Deep Dive - Mammoth-Acoustic-Bafflestack-Installation-Guidelines-June-2024.pdf,Text Only,9,0
Product Rep,C_Interiors/Mammoth,Mammoth,Installation_Guide,Mammoth Deep Dive - Mammoth-Acoustic-Blanket-Installation-Guidelines-June-2024.pdf,Text Only,6,0
Product Rep,C_Interiors/Mammoth,Mammoth,BPIR_Declaration,Mammoth Deep Dive - Mammoth-Acoustic-Blanket-and-Wall-Sections-BPIR-Dec-v1.0.pdf,Text Only,21,0
Product Rep,C_Interiors/Mammoth,Mammoth,Installation_Guide,Mammoth Deep Dive - Mammoth-Acoustic-Panel-Absorber-Installation-Guidelines-June-2024.pdf,Text Only,1,0
Product Rep,C_Interiors/Mammoth,Mammoth,BPIR_Declaration,Mammoth Deep Dive - Mammoth-Acoustic-Panels-BPIR-Dec-v1.1.pdf,Text Only,9,0
Product Rep,C_Interiors/Mammoth,Mammoth,Installation_Guide,Mammoth Deep Dive - Mammoth-Acoustic-Sections-Installation-Guidelines-June-2024.pdf,Text Only,5,0
Product Rep,C_Interiors/Mammoth,Mammoth,Certification,Mammoth Deep Dive - Mammoth-Appraisal-797.pdf,Text Only,45,0
Product Rep,C_Interiors/Mammoth,Mammoth,Certification,Mammoth Deep Dive - Mammoth-Appraisal-802.pdf,Text Only,34,0
Product Rep,C_Interiors/Mammoth,Mammoth,BPIR_Declaration,Mammoth Deep Dive - Mammoth-Bafflestack-BPIR-Dec-v1.0.pdf,Text Only,11,0
Product Rep,C_Interiors/Mammoth,Mammoth,Installation_Guide,Mammoth Deep Dive - Mammoth-Carpark-Panel-Installation-Guidelines-_L.pdf,Text Only,18,0
Product Rep,C_Interiors/Mammoth,Mammoth,BPIR_Declaration,Mammoth Deep Dive - Mammoth-Carpark-Underfloor-BPIR-Dec-v1.0.pdf,Text Only,14,0
Product Rep,C_Interiors/Mammoth,Mammoth,Installation_Guide,Mammoth Deep Dive - Mammoth-Ceiling-Blanket-Installation-Guidelines-June-2024.pdf,Text Only,10,0
Product Rep,C_Interiors/Mammoth,Mammoth,BPIR_Declaration,Mammoth Deep Dive - Mammoth-Ceiling-Wall-and-Underfloor-Insulation-BPIR-Dec-v1.0.pdf,Text Only,7,0
Product Rep,C_Interiors/Mammoth,Mammoth,BPIR_Declaration,Mammoth Deep Dive - Mammoth-Duct-Liner-BPIR-Dec-v1.0.pdf,Text Only,3,0
Product Rep,C_Interiors/Mammoth,Mammoth,Certification,Mammoth Deep Dive - Mammoth-Lifetime-Warranty.pdf,Text Only,6,0
Product Rep,C_Interiors/Mammoth,Mammoth,Technical_Data_Sheet,Mammoth Deep Dive - Mammoth-Material-Safety-Datasheet.pdf,Text Only,19,0
Product Rep,C_Interiors/Mammoth,Mammoth,Installation_Guide,Mammoth Deep Dive - Mammoth-Skillion-Roof-Installation-Guidelines.pdf,Text Only,8,0
Product Rep,C_Interiors/Mammoth,Mammoth,Installation_Guide,Mammoth Deep Dive - Mammoth-Underfloor-Blanket-Installation-Guidelines-June-2024.pdf,Text Only,3,0
Product Rep,C_Interiors/Mammoth,Mammoth,Installation_Guide,Mammoth Deep Dive - Mammoth-Underfloor-Sections-Installation-Guidelines-June-2024.pdf,Text Only,8,0
Product Rep,C_Interiors/Mammoth,Mammoth,Installation_Guide,Mammoth Deep Dive - Mammoth-Wall-Sections-Blankets-Installation-Guidelines-June-2024.pdf,Text Only,4,0
Product Rep,C_Interiors/Mammoth,Mammoth,Technical_Data_Sheet,Mammoth Deep Dive - Mammoth-and-Gib-Noise-Control-Systems.pdf,Text Only,17,0
Product Rep,C_Interiors/Mammoth,Mammoth,Installation_Guide,Mammoth Deep Dive - Martini-dECO-Range-Installation-Guide.pdf,Text Only,10,0
Product Rep,C_Interiors/Mammoth,Mammoth,Technical_Data_Sheet,Mammoth Deep Dive - Masonry-insulation .pdf,Text Only,11,0
Product Rep,C_Interiors/Mammoth,Mammoth,Technical_Data_Sheet,Mammoth Deep Dive - Wall-insulation-blanket.pdf,Text Only,12,0
Product Rep,C_Interiors/Mammoth,Mammoth,Technical_Data_Sheet,Mammoth Deep Dive - Wall-insulation-sections.pdf,Text Only,11,0
Product Rep,C_Interiors/Mammoth,Mammoth,Technical_Data_Sheet,Mammoth Deep Dive - acoustic-bafflestack.pdf,Text Only,8,0
Product Rep,C_Interiors/Mammoth,Mammoth,Technical_Data_Sheet,Mammoth Deep Dive - acoustic-blanket.pdf,Text Only,15,0
Product Rep,C_Interiors/Mammoth,Mammoth,Technical_Data_Sheet,Mammoth Deep Dive - acoustic-panel-absorber.pdf,Text Only,11,0
Product Rep,C_Interiors/Mammoth,Mammoth,Technical_Data_Sheet,Mammoth Deep Dive - acoustic-wall-sections.pdf,Text Only,21,0
Product Rep,C_Interiors/Mammoth,Mammoth,Installation_Guide,Mammoth Deep Dive - dECO-Flex-Installation-Guide_NZ_22.pdf,Text Only,8,0
Product Rep,C_Interiors/Mammoth,Mammoth,Technical_Data_Sheet,Mammoth Deep Dive - duct-insulation-liner.pdf,Text Only,10,0
Product Rep,C_Interiors/Mammoth,Mammoth,Technical_Data_Sheet,Mammoth Deep Dive - martini-deco-deluxe.pdf,Text Only,10,0
Product Rep,C_Interiors/Mammoth,Mammoth,Technical_Data_Sheet,Mammoth Deep Dive - martini-deco-flex.pdf,Text Only,8,0
Product Rep,C_Interiors/Mammoth,Mammoth,Technical_Data_Sheet,Mammoth Deep Dive - martini-deco-quiet-board.pdf,Text Only,18,0
Product Rep,C_Interiors/Mammoth,Mammoth,Technical_Data_Sheet,Mammoth Deep Dive - martini-deco-quiet-panel.pdf,Text Only,15,0
Product Rep,C_Interiors/Mammoth,Mammoth,Technical_Data_Sheet,Mammoth Deep Dive - skillion-roof-insulation.pdf,Text Only,8,0
Product Rep,C_Interiors/Mammoth,Mammoth,Technical_Data_Sheet,Mammoth Deep Dive - underfloor-insulation-blanket.pdf,Text Only,10,0
Product Rep,C_Interiors/Mammoth,Mammoth,Technical_Data_Sheet,Mammoth Deep Dive - underfloor-insulation-sections.pdf,Text Only,11,0
Product Rep,C_Interiors/Pink_Batts,Pink Batts,Technical_Manual,Pink Batts Deep Dive,Text Only,1878,0
Product Rep,F_Manufacturers/Bremick,Bremick,Product_Catalog,Final Sweep - Bremick,Text Only,626,0
Product Rep,F_Manufacturers/Buildex,Buildex,Product_Catalog,Final Sweep - Buildex,Text Only,94,0
Product Rep,F_Manufacturers/Ecko,Ecko,Product_Catalog,Ecko Master Library (PlaceMakers),Text Only,210,0
Product Rep,F_Manufacturers/Fasteners,Fasteners,Technical_Data_Sheet,Fasteners Full Suite,Text Only,1649,0
Product Rep,F_Manufacturers/MacSim,MacSim,Product_Catalog,Final Sweep - MacSim,Text Only,4238,0
Product Rep,F_Manufacturers/Mainland_Fasteners,Mainland Fasteners,Product_Catalog,Final Sweep - Mainland_Fasteners,Text Only,113,0
Product Rep,F_Manufacturers/MiTek,MiTek,Product_Catalog,Final Sweep - MiTek,Text Only,34,0
Product Rep,F_Manufacturers/NZ_Nails,NZ Nails,Product_Catalog,Final Sweep - NZ_Nails,Text Only,11,0
Product Rep,F_Manufacturers/Paslode,Paslode,Product_Catalog,Final Sweep - Paslode,Text Only,162,0
Product Rep,F_Manufacturers/PlaceMakers,PlaceMakers,Product_Catalog,Final Sweep - PlaceMakers,Text Only,150,0
Product Rep,F_Manufacturers/Pryda,Pryda,Product_Catalog,Final Sweep - Pryda,Text Only,312,0
Product Rep,F_Manufacturers/Ramset,Ramset,Product_Catalog,Final Sweep - Ramset,Text Only,18,0
Product Rep,F_Manufacturers/SPAX,SPAX,Product_Catalog,Final Sweep - SPAX,Text Only,110,0
Product Rep,F_Manufacturers/Simpson,Simpson Strong Tie,Product_Catalog,Final Sweep - Simpson_Strong_Tie,Text Only,169,0
Product Rep,F_Manufacturers/Titan,Titan,Technical_Data_Sheet,Final Sweep - Titan,Text Only,5,0
Product Rep,F_Manufacturers/Zenith,Zenith,Product_Catalog,Final Sweep - Zenith,Text Only,2694,0
Engineer,Other,Unknown,,Abodo Wood - AW62P-187x18-Profile-Drawing,Visual Only,0,1
