agent_zone,category,brand_folder,filename,file_size_mb,db_source,ingest_status,agent_text_chunks,agent_visual_assets,storage_path
Product Rep,A_Structure,Abodo Wood,ABODO-New-TMT-Painting-and-Staining-Spec-Nov-2014.pdf,0.35,,Not Ingested,0,0,A_Structure/Abodo_Wood/Color_Finishes_Textures/ABODO-New-TMT-Painting-and-Staining-Spec-Nov-2014.pdf
Product Rep,A_Structure,Abodo Wood,AW62-180x20mm-Profile-Drawing-Abodo-Wood.pdf,0.41,Abodo Wood - AW62-180x20mm-Profile-Drawing-Abodo-Wood,Text Only,1,0,A_Structure/Abodo_Wood/Profile_Drawings/AW62-180x20mm-Profile-Drawing-Abodo-Wood.pdf
Product Rep,A_Structure,Abodo Wood,AW62P-187x18-Profile-Drawing-Abodo-Wood-Jan-18.pdf,0.41,Abodo Wood - AW62P-187x18-Profile-Drawing-Abodo-Wood-Jan-18,Text Only,2,0,A_Structure/Abodo_Wood/Profile_Drawings/AW62P-187x18-Profile-Drawing-Abodo-Wood-Jan-18.pdf
Product Rep,A_Structure,Abodo Wood,Abodo-Brochure-New-Growth-Feature-Timbers.pdf,5.56,Abodo Wood - Abodo-Brochure-New-Growth-Feature-Timbers,Text Only,7,0,A_Structure/Abodo_Wood/Brochures_Fact_Sheets/Abodo-Brochure-New-Growth-Feature-Timbers.pdf
Product Rep,A_Structure,Abodo Wood,Abodo-CodeMark-Weatherboard-Cladding-System-Manual.pdf,12.78,Abodo Wood - Abodo-CodeMark-Weatherboard-Cladding-System-Manual,Text Only,54,0,A_Structure/Abodo_Wood/Guides_Manuals/Abodo-CodeMark-Weatherboard-Cladding-System-Manual.pdf
Product Rep,A_Structure,Abodo Wood,Abodo-Codemark-Certification-2020.pdf,0.43,Abodo Wood - Abodo-Codemark-Certification-2020,Text Only,2,0,A_Structure/Abodo_Wood/Certificates_Warranties/Abodo-Codemark-Certification-2020.pdf
Product Rep,A_Structure,Abodo Wood,Abodo-Guidelines-for-Vulcan-Cladding-Standard-Series-Clear-2-Laminated-Grade.pdf,2.42,Abodo Wood - Abodo-Guidelines-for-Vulcan-Cladding-Standard-Series-Clear-2-Laminated-Grade,Text Only,2,0,A_Structure/Abodo_Wood/Guides_Manuals/Abodo-Guidelines-for-Vulcan-Cladding-Standard-Series-Clear-2-Laminated-Grade.pdf
Product Rep,A_Structure,Abodo Wood,Abodo-Mixed-Length-Specification-Export.pdf,0.08,,Not Ingested,0,0,A_Structure/Abodo_Wood/Guides_Manuals/Abodo-Mixed-Length-Specification-Export.pdf
Product Rep,A_Structure,Abodo Wood,Abodo-Profile-Drawing-WB18-180x18.pdf,0.06,Abodo Wood - Abodo-Profile-Drawing-WB18-180x18,Text Only,1,0,A_Structure/Abodo_Wood/Profile_Drawings/Abodo-Profile-Drawing-WB18-180x18.pdf
Product Rep,A_Structure,Abodo Wood,Abodo-Safety-Data-Sheet-End-Seal-MAY-23-V3.pdf,0.08,,Not Ingested,0,0,A_Structure/Abodo_Wood/Safety_Data_Sheets/Abodo-Safety-Data-Sheet-End-Seal-MAY-23-V3.pdf
Product Rep,A_Structure,Abodo Wood,Abodo-Safety-Data-Sheet-NZ-Protector-Jan-24.pdf,0.77,Abodo Wood - Abodo-Safety-Data-Sheet-NZ-Protector-Jan-24,Text Only,6,0,A_Structure/Abodo_Wood/Safety_Data_Sheets/Abodo-Safety-Data-Sheet-NZ-Protector-Jan-24.pdf
Product Rep,A_Structure,Abodo Wood,Abodo-Safety-Data-Sheet-Vulcan.pdf,0.42,,Not Ingested,0,0,A_Structure/Abodo_Wood/Safety_Data_Sheets/Abodo-Safety-Data-Sheet-Vulcan.pdf
Product Rep,A_Structure,Abodo Wood,Abodo-Safety-Data-Sheet_Rejuvenator-Wood-Cleaner-May-22.pdf,0.24,,Not Ingested,0,0,A_Structure/Abodo_Wood/Safety_Data_Sheets/Abodo-Safety-Data-Sheet_Rejuvenator-Wood-Cleaner-May-22.pdf
Product Rep,A_Structure,Abodo Wood,Abodo-Semi-Vertical-Grain-SVG-Grain-Orientation-Guidelines.pdf,0.67,Abodo Wood - Abodo-Semi-Vertical-Grain-SVG-Grain-Orientation-Guidelines,Text Only,4,0,A_Structure/Abodo_Wood/Guides_Manuals/Abodo-Semi-Vertical-Grain-SVG-Grain-Orientation-Guidelines.pdf
Product Rep,A_Structure,Abodo Wood,Abodo-Sioox-Wood-Protection-Manual-Apr-23.pdf,4.22,Abodo Wood - Abodo-Sioox-Wood-Protection-Manual-Apr-23,Text Only,4,0,A_Structure/Abodo_Wood/Guides_Manuals/Abodo-Sioox-Wood-Protection-Manual-Apr-23.pdf
Product Rep,A_Structure,Abodo Wood,Abodo-Thermal-Conductivity-Memo.pdf,0.15,,Not Ingested,0,0,A_Structure/Abodo_Wood/Reports/Abodo-Thermal-Conductivity-Memo.pdf
Product Rep,A_Structure,Abodo Wood,Abodo-Vulcan-Cladding-Comparison-Guide.pdf,0.27,Abodo Wood - Abodo-Vulcan-Cladding-Comparison-Guide,Text Only,1,0,A_Structure/Abodo_Wood/Guides_Manuals/Abodo-Vulcan-Cladding-Comparison-Guide.pdf
Product Rep,A_Structure,Abodo Wood,Abodo-Vulcan-Shingles-Oculus-Compliance-Letter.pdf,0.56,Abodo Wood - Abodo-Vulcan-Shingles-Oculus-Compliance-Letter,Text Only,6,0,A_Structure/Abodo_Wood/Certificates_Warranties/Abodo-Vulcan-Shingles-Oculus-Compliance-Letter.pdf
Product Rep,A_Structure,Abodo Wood,Abodo-Vulcan-Timber-LRV-and-SRI-Guide-May-23.pdf,0.21,Abodo Wood - Abodo-Vulcan-Timber-LRV-and-SRI-Guide-May-23,Text Only,18,0,A_Structure/Abodo_Wood/Color_Finishes_Textures/Abodo-Vulcan-Timber-LRV-and-SRI-Guide-May-23.pdf
Product Rep,A_Structure,Abodo Wood,Abodo-Wood-Declare-Certification.pdf,0.60,,Not Ingested,0,0,A_Structure/Abodo_Wood/Certificates_Warranties/Abodo-Wood-Declare-Certification.pdf
Product Rep,A_Structure,Abodo Wood,Abodo-Wood-Environmental-Product-Declaration.pdf,2.28,Abodo Wood - Abodo-Wood-Environmental-Product-Declaration,Text Only,13,0,A_Structure/Abodo_Wood/Environmental_Product_Declaration/Abodo-Wood-Environmental-Product-Declaration.pdf
Product Rep,A_Structure,Abodo Wood,Appearance-Grades-Timber-Grading-Rules-Abodo-Wood.pdf,0.95,Abodo Wood - Appearance-Grades-Timber-Grading-Rules-Abodo-Wood,Text Only,3,0,A_Structure/Abodo_Wood/Guides_Manuals/Appearance-Grades-Timber-Grading-Rules-Abodo-Wood.pdf
Product Rep,A_Structure,Abodo Wood,BAND4S-138x18-Profile-Drawing-Abodo-Wood.pdf,0.43,Abodo Wood - BAND4S-138x18-Profile-Drawing-Abodo-Wood,Text Only,1,0,A_Structure/Abodo_Wood/Profile_Drawings/BAND4S-138x18-Profile-Drawing-Abodo-Wood.pdf
Product Rep,A_Structure,Abodo Wood,BAND4S-180x18-Profile-Drawing-Abodo-Wood.pdf,0.43,Abodo Wood - BAND4S-180x18-Profile-Drawing-Abodo-Wood,Text Only,1,0,A_Structure/Abodo_Wood/Profile_Drawings/BAND4S-180x18-Profile-Drawing-Abodo-Wood.pdf
Product Rep,A_Structure,Abodo Wood,BAND4S-42x42-Profile-Drawing-Abodo-Wood.pdf,0.43,Abodo Wood - BAND4S-42x42-Profile-Drawing-Abodo-Wood,Text Only,1,0,A_Structure/Abodo_Wood/Profile_Drawings/BAND4S-42x42-Profile-Drawing-Abodo-Wood.pdf
Product Rep,A_Structure,Abodo Wood,BAND4S-65x18-Profile-Drawing-Abodo-Wood.pdf,0.43,Abodo Wood - BAND4S-65x18-Profile-Drawing-Abodo-Wood,Text Only,1,0,A_Structure/Abodo_Wood/Profile_Drawings/BAND4S-65x18-Profile-Drawing-Abodo-Wood.pdf
Product Rep,A_Structure,Abodo Wood,BAND4S-88x18-Profile-Drawing-Abodo-Wood.pdf,0.43,Abodo Wood - BAND4S-88x18-Profile-Drawing-Abodo-Wood,Text Only,1,0,A_Structure/Abodo_Wood/Profile_Drawings/BAND4S-88x18-Profile-Drawing-Abodo-Wood.pdf
Product Rep,A_Structure,Abodo Wood,Built-to-Last-Warranty-30yrs-ACQ-Abodo-Wood.pdf,0.06,Abodo Wood - Built-to-Last-Warranty-30yrs-ACQ-Abodo-Wood,Text Only,2,0,A_Structure/Abodo_Wood/Certificates_Warranties/Built-to-Last-Warranty-30yrs-ACQ-Abodo-Wood.pdf
Product Rep,A_Structure,Abodo Wood,Comparative-Biomass-Growth-and-Carbon-Sequestration-Report-Abodo-Wood.pdf,0.29,,Not Ingested,0,0,A_Structure/Abodo_Wood/Reports/Comparative-Biomass-Growth-and-Carbon-Sequestration-Report-Abodo-Wood.pdf
Product Rep,A_Structure,Abodo Wood,DK14S-90x21-Profile-Drawing-Abodo-Wood.pdf,0.43,Abodo Wood - DK14S-90x21-Profile-Drawing-Abodo-Wood,Text Only,1,0,A_Structure/Abodo_Wood/Profile_Drawings/DK14S-90x21-Profile-Drawing-Abodo-Wood.pdf
Product Rep,A_Structure,Abodo Wood,DK16V-142x27mm-Profile-Drawing-Abodo-Wood.pdf,0.41,Abodo Wood - DK16V-142x27mm-Profile-Drawing-Abodo-Wood,Text Only,1,0,A_Structure/Abodo_Wood/Profile_Drawings/DK16V-142x27mm-Profile-Drawing-Abodo-Wood.pdf
Product Rep,A_Structure,Abodo Wood,DK4R-140x27-Profile-Drawing-Abodo-Wood.pdf,0.05,Abodo Wood - DK4R-140x27-Profile-Drawing-Abodo-Wood,Text Only,1,0,A_Structure/Abodo_Wood/Profile_Drawings/DK4R-140x27-Profile-Drawing-Abodo-Wood.pdf
Product Rep,A_Structure,Abodo Wood,FSC-Certificate-SGS-COC-004944.pdf,1.98,Abodo Wood - FSC-Certificate-SGS-COC-004944,Text Only,2,0,A_Structure/Abodo_Wood/Certificates_Warranties/FSC-Certificate-SGS-COC-004944.pdf
Product Rep,A_Structure,Abodo Wood,Group-Number-Classification-Certificate-Fire-Rating-Abodo-Wood.pdf,0.14,Abodo Wood - Group-Number-Classification-Certificate-Fire-Rating-Abodo-Wood,Text Only,2,0,A_Structure/Abodo_Wood/Certificates_Warranties/Group-Number-Classification-Certificate-Fire-Rating-Abodo-Wood.pdf
Product Rep,A_Structure,Abodo Wood,How-Vulcan-Timber-Weathers-Abodo-Wood.pdf,0.20,,Not Ingested,0,0,A_Structure/Abodo_Wood/Color_Finishes_Textures/How-Vulcan-Timber-Weathers-Abodo-Wood.pdf
Product Rep,A_Structure,Abodo Wood,Look-Book-Vulcan-Feature-Timber-Projects.pdf,8.45,Abodo Wood - Look-Book-Vulcan-Feature-Timber-Projects,Text Only,4,0,A_Structure/Abodo_Wood/Brochures_Fact_Sheets/Look-Book-Vulcan-Feature-Timber-Projects.pdf
Product Rep,A_Structure,Abodo Wood,M116317-Abodo-Profile-Drawing-Download-Vulcan-Shingles-450x120.pdf,0.05,Abodo Wood - M116317-Abodo-Profile-Drawing-Download-Vulcan-Shingles-450x120,Text Only,1,0,A_Structure/Abodo_Wood/Profile_Drawings/M116317-Abodo-Profile-Drawing-Download-Vulcan-Shingles-450x120.pdf
Product Rep,A_Structure,Abodo Wood,M116317-Abodo-Profile-Drawing-Download-Vulcan-Shingles-450x90.pdf,0.05,Abodo Wood - M116317-Abodo-Profile-Drawing-Download-Vulcan-Shingles-450x90,Text Only,1,0,A_Structure/Abodo_Wood/Profile_Drawings/M116317-Abodo-Profile-Drawing-Download-Vulcan-Shingles-450x90.pdf
Product Rep,A_Structure,Abodo Wood,Maintenance-Guidelines-Timber-Cladding-Screening-NZ-Abodo-Wood.pdf,0.39,Abodo Wood - Maintenance-Guidelines-Timber-Cladding-Screening-NZ-Abodo-Wood,Text Only,3,0,A_Structure/Abodo_Wood/Guides_Manuals/Maintenance-Guidelines-Timber-Cladding-Screening-NZ-Abodo-Wood.pdf
Product Rep,A_Structure,Abodo Wood,Maintenance-Guidelines-Vulcan-Sand-Decking-Abodo-Wood.pdf,0.20,Abodo Wood - Maintenance-Guidelines-Vulcan-Sand-Decking-Abodo-Wood,Text Only,2,0,A_Structure/Abodo_Wood/Guides_Manuals/Maintenance-Guidelines-Vulcan-Sand-Decking-Abodo-Wood.pdf
Product Rep,A_Structure,Abodo Wood,OPX-Treatment-Guide-Abodo-Wood-Feb-2023.pdf,0.51,Abodo Wood - OPX-Treatment-Guide-Abodo-Wood-Feb-2023,Text Only,1,0,A_Structure/Abodo_Wood/Guides_Manuals/OPX-Treatment-Guide-Abodo-Wood-Feb-2023.pdf
Product Rep,A_Structure,Abodo Wood,Performance-Testing-Guide-for-Vulcan-Timber-Abodo-Wood.pdf,6.54,Abodo Wood - Performance-Testing-Guide-for-Vulcan-Timber-Abodo-Wood,Text Only,9,0,A_Structure/Abodo_Wood/Guides_Manuals/Performance-Testing-Guide-for-Vulcan-Timber-Abodo-Wood.pdf
Product Rep,A_Structure,Abodo Wood,Resene-Paint-Complementary-Colour-Suggestions.pdf,0.99,Abodo Wood - Resene-Paint-Complementary-Colour-Suggestions,Text Only,5,0,A_Structure/Abodo_Wood/Color_Finishes_Textures/Resene-Paint-Complementary-Colour-Suggestions.pdf
Product Rep,A_Structure,Abodo Wood,Rhombus-Batten-Clip-RHBC2-with-clip-90x26-Abodo-Wood.pdf,0.04,Abodo Wood - Rhombus-Batten-Clip-RHBC2-with-clip-90x26-Abodo-Wood,Text Only,1,0,A_Structure/Abodo_Wood/Profile_Drawings/Rhombus-Batten-Clip-RHBC2-with-clip-90x26-Abodo-Wood.pdf
Product Rep,A_Structure,Abodo Wood,Rhombus-Clip-RHBC2-with-clip-68x26-Abodo-Wood.pdf,0.04,Abodo Wood - Rhombus-Clip-RHBC2-with-clip-68x26-Abodo-Wood,Text Only,1,0,A_Structure/Abodo_Wood/Profile_Drawings/Rhombus-Clip-RHBC2-with-clip-68x26-Abodo-Wood.pdf
Product Rep,A_Structure,Abodo Wood,TDS-69-Vulcan-Shingles-Roof-Dec-23.pdf,1.13,Abodo Wood - TDS-69-Vulcan-Shingles-Roof-Dec-23,Text Only,3,0,A_Structure/Abodo_Wood/Technical_Data_Sheets/TDS-69-Vulcan-Shingles-Roof-Dec-23.pdf
Product Rep,A_Structure,Abodo Wood,TDS-70-Vulcan-Shingles-Wall-Dec-23.pdf,0.96,Abodo Wood - TDS-70-Vulcan-Shingles-Wall-Dec-23,Text Only,2,0,A_Structure/Abodo_Wood/Technical_Data_Sheets/TDS-70-Vulcan-Shingles-Wall-Dec-23.pdf
Product Rep,A_Structure,Abodo Wood,TG17-84x17-Profile-Drawing-Abodo-Wood.pdf,0.06,Abodo Wood - TG17-84x17-Profile-Drawing-Abodo-Wood,Text Only,1,0,A_Structure/Abodo_Wood/Profile_Drawings/TG17-84x17-Profile-Drawing-Abodo-Wood.pdf
Product Rep,A_Structure,Abodo Wood,TG9-135x10-Profile-Drawing-Abodo-Wood-Jan-18.pdf,0.41,Abodo Wood - TG9-135x10-Profile-Drawing-Abodo-Wood-Jan-18,Text Only,1,0,A_Structure/Abodo_Wood/Profile_Drawings/TG9-135x10-Profile-Drawing-Abodo-Wood-Jan-18.pdf
Product Rep,A_Structure,Abodo Wood,TG9-175x10-Profile-Drawing-Abodo-Wood-Jan-18.pdf,0.41,Abodo Wood - TG9-175x10-Profile-Drawing-Abodo-Wood-Jan-18,Text Only,1,0,A_Structure/Abodo_Wood/Profile_Drawings/TG9-175x10-Profile-Drawing-Abodo-Wood-Jan-18.pdf
Product Rep,A_Structure,Abodo Wood,Technical-Data-Sheet-30-Sand-Decking-Abodo-Wood-Sept-22.pdf,0.29,Abodo Wood - Technical-Data-Sheet-30-Sand-Decking-Abodo-Wood-Sept-22,Text Only,1,0,A_Structure/Abodo_Wood/Technical_Data_Sheets/Technical-Data-Sheet-30-Sand-Decking-Abodo-Wood-Sept-22.pdf
Product Rep,A_Structure,Abodo Wood,Technical-Data-Sheet-47-Protector-Abodo-Wood.pdf,0.39,Abodo Wood - Technical-Data-Sheet-47-Protector-Abodo-Wood,Text Only,1,0,A_Structure/Abodo_Wood/Technical_Data_Sheets/Technical-Data-Sheet-47-Protector-Abodo-Wood.pdf
Product Rep,A_Structure,Abodo Wood,Technical-Data-Sheet-66-Vulcan-Nexus-Cladding-Abodo-Wood.pdf,1.14,,Not Ingested,0,0,A_Structure/Abodo_Wood/Technical_Data_Sheets/Technical-Data-Sheet-66-Vulcan-Nexus-Cladding-Abodo-Wood.pdf
Product Rep,A_Structure,Abodo Wood,Technical-Data-Sheet-68-Protector-Hybrid-Abodo-Wood-May-23.pdf,0.57,Abodo Wood - Technical-Data-Sheet-68-Protector-Hybrid-Abodo-Wood-May-23,Text Only,2,0,A_Structure/Abodo_Wood/Technical_Data_Sheets/Technical-Data-Sheet-68-Protector-Hybrid-Abodo-Wood-May-23.pdf
Product Rep,A_Structure,Abodo Wood,Technical-Data-Sheet-Char-Oil-Abodo-Wood.pdf,0.48,Abodo Wood - Technical-Data-Sheet-Char-Oil-Abodo-Wood,Text Only,1,0,A_Structure/Abodo_Wood/Technical_Data_Sheets/Technical-Data-Sheet-Char-Oil-Abodo-Wood.pdf
Product Rep,A_Structure,Abodo Wood,Technical-Data-Sheet-Cladding-Screw-Abodo-Wood.pdf,0.48,Abodo Wood - Technical-Data-Sheet-Cladding-Screw-Abodo-Wood,Text Only,1,0,A_Structure/Abodo_Wood/Technical_Data_Sheets/Technical-Data-Sheet-Cladding-Screw-Abodo-Wood.pdf
Product Rep,A_Structure,Abodo Wood,Technical-Data-Sheet-Decking-Screw-Abodo-Wood.pdf,0.49,,Not Ingested,0,0,A_Structure/Abodo_Wood/Technical_Data_Sheets/Technical-Data-Sheet-Decking-Screw-Abodo-Wood.pdf
Product Rep,A_Structure,Abodo Wood,Technical-Data-Sheet-Iron-Vitriol.pdf,0.25,,Not Ingested,0,0,A_Structure/Abodo_Wood/Technical_Data_Sheets/Technical-Data-Sheet-Iron-Vitriol.pdf
Product Rep,A_Structure,Abodo Wood,Technical-Data-Sheet-Protector-End-Seal-Abodo-Wood.pdf,0.73,,Not Ingested,0,0,A_Structure/Abodo_Wood/Technical_Data_Sheets/Technical-Data-Sheet-Protector-End-Seal-Abodo-Wood.pdf
Product Rep,A_Structure,Abodo Wood,Technical-Data-Sheet-Rejuvenator-Abodo-Wood.pdf,0.08,,Not Ingested,0,0,A_Structure/Abodo_Wood/Technical_Data_Sheets/Technical-Data-Sheet-Rejuvenator-Abodo-Wood.pdf
Product Rep,A_Structure,Abodo Wood,Technical-Data-Sheet-Rhombus-Clip-Abodo-Wood.pdf,2.16,Abodo Wood - Technical-Data-Sheet-Rhombus-Clip-Abodo-Wood,Text Only,6,0,A_Structure/Abodo_Wood/Technical_Data_Sheets/Technical-Data-Sheet-Rhombus-Clip-Abodo-Wood.pdf
Product Rep,A_Structure,Abodo Wood,Technical-Data-Sheet-Vulcan-Cladding-Abodo-Wood-New-Zealand.pdf,2.93,Abodo Wood - Technical-Data-Sheet-Vulcan-Cladding-Abodo-Wood-New-Zealand,Text Only,4,0,A_Structure/Abodo_Wood/Technical_Data_Sheets/Technical-Data-Sheet-Vulcan-Cladding-Abodo-Wood-New-Zealand.pdf
Product Rep,A_Structure,Abodo Wood,Technical-Data-Sheet-Vulcan-Cladding-Vertical-Grain-Standard-Series-NZ.pdf,0.73,Abodo Wood - Technical-Data-Sheet-Vulcan-Cladding-Vertical-Grain-Standard-Series-NZ,Text Only,3,0,A_Structure/Abodo_Wood/Technical_Data_Sheets/Technical-Data-Sheet-Vulcan-Cladding-Vertical-Grain-Standard-Series-NZ.pdf
Product Rep,A_Structure,Abodo Wood,Technical-Data-Sheet-Vulcan-Decking-Abodo-Wood.pdf,0.28,Abodo Wood - Technical-Data-Sheet-Vulcan-Decking-Abodo-Wood,Text Only,1,0,A_Structure/Abodo_Wood/Technical_Data_Sheets/Technical-Data-Sheet-Vulcan-Decking-Abodo-Wood.pdf
Product Rep,A_Structure,Abodo Wood,Technical-Data-Sheet-Vulcan-Panelling-Abodo-Wood.pdf,0.28,,Not Ingested,0,0,A_Structure/Abodo_Wood/Technical_Data_Sheets/Technical-Data-Sheet-Vulcan-Panelling-Abodo-Wood.pdf
Product Rep,A_Structure,Abodo Wood,Technical-Data-Sheet-Vulcan-Screening-Abodo-Wood-New-Zealand.pdf,0.48,Abodo Wood - Technical-Data-Sheet-Vulcan-Screening-Abodo-Wood-New-Zealand,Text Only,2,0,A_Structure/Abodo_Wood/Technical_Data_Sheets/Technical-Data-Sheet-Vulcan-Screening-Abodo-Wood-New-Zealand.pdf
Product Rep,A_Structure,Abodo Wood,Technical-Data-Sheet-Vulcan-Smooth-Decking-Abodo-Wood.pdf,0.19,,Not Ingested,0,0,A_Structure/Abodo_Wood/Technical_Data_Sheets/Technical-Data-Sheet-Vulcan-Smooth-Decking-Abodo-Wood.pdf
Product Rep,A_Structure,Abodo Wood,Thermally-Modified-Timber-Fact-Sheet-Abodo-Wood.pdf,0.31,Abodo Wood - Thermally-Modified-Timber-Fact-Sheet-Abodo-Wood,Text Only,4,0,A_Structure/Abodo_Wood/Brochures_Fact_Sheets/Thermally-Modified-Timber-Fact-Sheet-Abodo-Wood.pdf
Product Rep,A_Structure,Abodo Wood,Vulcan-25-Year-Warranty.pdf,0.22,Abodo Wood - Vulcan-25-Year-Warranty,Text Only,8,0,A_Structure/Abodo_Wood/Certificates_Warranties/Vulcan-25-Year-Warranty.pdf
Product Rep,A_Structure,Abodo Wood,Vulcan-Cladding-A4-Colour-Chart-NZ-Abodo.pdf,1.64,Abodo Wood - Vulcan-Cladding-A4-Colour-Chart-NZ-Abodo,Text Only,1,0,A_Structure/Abodo_Wood/Color_Finishes_Textures/Vulcan-Cladding-A4-Colour-Chart-NZ-Abodo.pdf
Product Rep,A_Structure,Abodo Wood,Vulcan-Screening-Design-Guide-Abodo-Wood.pdf,2.75,Abodo Wood - Vulcan-Screening-Design-Guide-Abodo-Wood,Text Only,6,0,A_Structure/Abodo_Wood/Guides_Manuals/Vulcan-Screening-Design-Guide-Abodo-Wood.pdf
Product Rep,A_Structure,Abodo Wood,WB10-138x20-Profile-Drawing-Abodo-Wood.pdf,0.43,Abodo Wood - WB10-138x20-Profile-Drawing-Abodo-Wood,Text Only,1,0,A_Structure/Abodo_Wood/Profile_Drawings/WB10-138x20-Profile-Drawing-Abodo-Wood.pdf
Product Rep,A_Structure,Abodo Wood,WB10-180x20mm-Profile-Drawing-Abodo-Wood.pdf,0.41,Abodo Wood - WB10-180x20mm-Profile-Drawing-Abodo-Wood,Text Only,1,0,A_Structure/Abodo_Wood/Profile_Drawings/WB10-180x20mm-Profile-Drawing-Abodo-Wood.pdf
Product Rep,A_Structure,Abodo Wood,WB12-138x20-Profile-Drawing-Abodo-Wood-Apr-18.pdf,0.41,Abodo Wood - WB12-138x20-Profile-Drawing-Abodo-Wood-Apr-18,Text Only,1,0,A_Structure/Abodo_Wood/Profile_Drawings/WB12-138x20-Profile-Drawing-Abodo-Wood-Apr-18.pdf
Product Rep,A_Structure,Abodo Wood,WB12-180x18mm-Profile-Drawing-Abodo-Wood.pdf,0.06,Abodo Wood - WB12-180x18mm-Profile-Drawing-Abodo-Wood,Text Only,2,0,A_Structure/Abodo_Wood/Profile_Drawings/WB12-180x18mm-Profile-Drawing-Abodo-Wood.pdf
Product Rep,A_Structure,Abodo Wood,WB12-90x18-Profile-Drawing-Abodo-Wood.pdf,0.06,Abodo Wood - WB12-90x18-Profile-Drawing-Abodo-Wood,Text Only,1,0,A_Structure/Abodo_Wood/Profile_Drawings/WB12-90x18-Profile-Drawing-Abodo-Wood.pdf
Product Rep,A_Structure,Abodo Wood,WB12-90x40mm-Profile-Drawing-Abodo-Wood.pdf,0.41,Abodo Wood - WB12-90x40mm-Profile-Drawing-Abodo-Wood,Text Only,1,0,A_Structure/Abodo_Wood/Profile_Drawings/WB12-90x40mm-Profile-Drawing-Abodo-Wood.pdf
Product Rep,A_Structure,Abodo Wood,WB12-90x60mm-Profile-Drawing-Abodo-Wood.pdf,0.06,,Not Ingested,0,0,A_Structure/Abodo_Wood/Profile_Drawings/WB12-90x60mm-Profile-Drawing-Abodo-Wood.pdf
Product Rep,A_Structure,Abodo Wood,WB12-Combination-Options-Abodo-Wood.pdf,1.04,,Not Ingested,0,0,A_Structure/Abodo_Wood/Profile_Drawings/WB12-Combination-Options-Abodo-Wood.pdf
Product Rep,A_Structure,Abodo Wood,WB12F-180x18-Profile-Drawing-Abodo-Wood-Sept-20.pdf,0.06,,Not Ingested,0,0,A_Structure/Abodo_Wood/Profile_Drawings/WB12F-180x18-Profile-Drawing-Abodo-Wood-Sept-20.pdf
Product Rep,A_Structure,Abodo Wood,WB18-135x18-Profile-Drawing-Abodo-Wood.pdf,0.06,Abodo Wood - WB18-135x18-Profile-Drawing-Abodo-Wood,Text Only,1,0,A_Structure/Abodo_Wood/Profile_Drawings/WB18-135x18-Profile-Drawing-Abodo-Wood.pdf
Product Rep,A_Structure,CHH Woodproducts,2017_CHH-_Pinex_SpecificationInstallationGuide_v3-Web.pdf,0.58,CHH Woodproducts - 2017_CHH-_Pinex_SpecificationInstallationGuide_v3-Web.pdf,Text Only,18,0,A_Structure/CHH_Woodproducts/2017_CHH-_Pinex_SpecificationInstallationGuide_v3-Web.pdf
Product Rep,A_Structure,CHH Woodproducts,20191126CHHWP-TIM-Moulds-on-Timber-Technical-Note-September-2018.pdf,0.25,CHH Woodproducts - 20191126CHHWP-TIM-Moulds-on-Timber-Technical-Note-September-2018.pdf,Text Only,3,0,A_Structure/CHH_Woodproducts/20191126CHHWP-TIM-Moulds-on-Timber-Technical-Note-September-2018.pdf
Product Rep,A_Structure,CHH Woodproducts,20191126CHHWP-Trouble-with-Substitutes-Timber-September-2018.pdf,0.60,CHH Woodproducts - 20191126CHHWP-Trouble-with-Substitutes-Timber-September-2018.pdf,Text Only,3,0,A_Structure/CHH_Woodproducts/20191126CHHWP-Trouble-with-Substitutes-Timber-September-2018.pdf
Product Rep,A_Structure,CHH Woodproducts,Antisapstain-Hylite-NCF-Treated-Pine-Solid-Wood-November-2017-v4.pdf,0.26,CHH Woodproducts - Antisapstain-Hylite-NCF-Treated-Pine-Solid-Wood-November-2017-v4.pdf,Text Only,92,0,A_Structure/CHH_Woodproducts/Antisapstain-Hylite-NCF-Treated-Pine-Solid-Wood-November-2017-v4.pdf
Product Rep,A_Structure,CHH Woodproducts,Antisapstain-Treated-Pine-Solid-Wood-July-2017-v3.pdf,0.33,CHH Woodproducts - Antisapstain-Treated-Pine-Solid-Wood-July-2017-v3.pdf,Text Only,71,0,A_Structure/CHH_Woodproducts/Antisapstain-Treated-Pine-Solid-Wood-July-2017-v3.pdf
Product Rep,A_Structure,CHH Woodproducts,CCA-Treated-Pine-Solid-Wood-May-2018-v2.pdf,0.35,CHH Woodproducts - CCA-Treated-Pine-Solid-Wood-May-2018-v2.pdf,Text Only,57,0,A_Structure/CHH_Woodproducts/CCA-Treated-Pine-Solid-Wood-May-2018-v2.pdf
Product Rep,A_Structure,CHH Woodproducts,CCA-Treated-Pine-Solid-Wood-May-2018.pdf,0.35,CHH Woodproducts - CCA-Treated-Pine-Solid-Wood-May-2018-v2.pdf,Text Only,57,0,A_Structure/CHH_Woodproducts/CCA-Treated-Pine-Solid-Wood-May-2018.pdf
Product Rep,A_Structure,CHH Woodproducts,CHH-H1.2-Boron-Treated-Pine-Solid-Wood-V-15.1.1.1-Sept-2019.pdf,0.36,CHH Woodproducts - CHH-H1.2-Boron-Treated-Pine-Solid-Wood-V-15.1.1.1-Sept-2019.pdf,Text Only,35,0,A_Structure/CHH_Woodproducts/CHH-H1.2-Boron-Treated-Pine-Solid-Wood-V-15.1.1.1-Sept-2019.pdf
Product Rep,A_Structure,CHH Woodproducts,CHHTimberLaserframe68x34CeilingBattenPTSAndBPISCurrent.pdf,0.22,CHH Woodproducts - CHHTimberLaserframe68x34CeilingBattenPTSAndBPISCurrent.pdf,Text Only,15,0,A_Structure/CHH_Woodproducts/CHHTimberLaserframe68x34CeilingBattenPTSAndBPISCurrent.pdf
Product Rep,A_Structure,CHH Woodproducts,CHHTimberLaserframeResidentialApplicationsPTSAndBPISCurrent.pdf,0.22,CHH Woodproducts - CHHTimberLaserframeResidentialApplicationsPTSAndBPISCurrent.pdf,Text Only,16,0,A_Structure/CHH_Woodproducts/CHHTimberLaserframeResidentialApplicationsPTSAndBPISCurrent.pdf
Product Rep,A_Structure,CHH Woodproducts,CHHTimberPinexAnchorPilesPTSAndBPISCurrent.pdf,0.24,CHH Woodproducts - CHHTimberPinexAnchorPilesPTSAndBPISCurrent.pdf,Text Only,16,0,A_Structure/CHH_Woodproducts/CHHTimberPinexAnchorPilesPTSAndBPISCurrent.pdf
Product Rep,A_Structure,CHH Woodproducts,CHHTimberPinexHousePilesPTSAndBPISCurrent-.pdf,0.25,CHH Woodproducts - CHHTimberPinexHousePilesPTSAndBPISCurrent-.pdf,Text Only,6,0,A_Structure/CHH_Woodproducts/CHHTimberPinexHousePilesPTSAndBPISCurrent-.pdf
Product Rep,A_Structure,CHH Woodproducts,CHHTimberPinexPostsRailsandPalingsPTSAndBPISCurrent.pdf,0.19,CHH Woodproducts - CHHTimberPinexPostsRailsandPalingsPTSAndBPISCurrent.pdf,Text Only,10,0,A_Structure/CHH_Woodproducts/CHHTimberPinexPostsRailsandPalingsPTSAndBPISCurrent.pdf
Product Rep,A_Structure,CHH Woodproducts,CHHTimberPinexVerifiedPTSAndBPISCurrent.pdf,0.24,CHH Woodproducts - CHHTimberPinexVerifiedPTSAndBPISCurrent.pdf,Text Only,21,0,A_Structure/CHH_Woodproducts/CHHTimberPinexVerifiedPTSAndBPISCurrent.pdf
Product Rep,A_Structure,CHH Woodproducts,LaserframeProductGuideCurrent.pdf,0.77,CHH Woodproducts - LaserframeProductGuideCurrent.pdf,Text Only,9,0,A_Structure/CHH_Woodproducts/LaserframeProductGuideCurrent.pdf
Product Rep,A_Structure,CHH Woodproducts,Timber-CHH-LOSP-Azole-Treated-Solid-Wood-Timber-September-2018.pdf,0.36,CHH Woodproducts - Timber-CHH-LOSP-Azole-Treated-Solid-Wood-Timber-September-2018.pdf,Text Only,53,0,A_Structure/CHH_Woodproducts/Timber-CHH-LOSP-Azole-Treated-Solid-Wood-Timber-September-2018.pdf
Product Rep,A_Structure,Firth,EcoPave_Installation_Guide_Aug_2024.pdf,4.42,Firth Deep Dive (Universal),Text Only,294,0,A_Structure/Firth/G_Landscaping/EcoPave_Installation_Guide_Aug_2024.pdf
Product Rep,A_Structure,Firth,Firth_Paving_Category_Flyer_2025.pdf,0.23,Firth Deep Dive (Universal),Text Only,294,0,A_Structure/Firth/G_Landscaping/Firth_Paving_Category_Flyer_2025.pdf
Product Rep,A_Structure,Firth,Firth_Paving_Concepts_Brochure.pdf,2.85,Firth Deep Dive (Universal),Text Only,294,0,A_Structure/Firth/G_Landscaping/Firth_Paving_Concepts_Brochure.pdf
Product Rep,A_Structure,Firth,Firth_Paving_Installation_Guide_2025.pdf,1.46,Firth Deep Dive (Universal),Text Only,294,0,A_Structure/Firth/G_Landscaping/Firth_Paving_Installation_Guide_2025.pdf
Product Rep,A_Structure,Firth,Hollow_Masonry_Brochure_2023.pdf,0.54,Firth Deep Dive (Universal),Text Only,294,0,A_Structure/Firth/A_Structure/Hollow_Masonry_Brochure_2023.pdf
Product Rep,A_Structure,Firth,RibRaft_Technical_Manual_CodeMark_2024.pdf,3.97,Firth Deep Dive (Universal),Text Only,294,0,A_Structure/Firth/A_Structure/RibRaft_Technical_Manual_CodeMark_2024.pdf
Product Rep,A_Structure,Firth,Structural_Masonry_Product_Technical_Statement.pdf,0.03,Firth Deep Dive (Universal),Text Only,294,0,A_Structure/Firth/A_Structure/Structural_Masonry_Product_Technical_Statement.pdf
Product Rep,A_Structure,Firth,Two_Storey_Masonry_Veneer_Solutions.pdf,0.68,Firth Deep Dive (Universal),Text Only,294,0,A_Structure/Firth/B_Enclosure/Two_Storey_Masonry_Veneer_Solutions.pdf
Product Rep,A_Structure,Firth,X-Pod_Installation_Guide_July_2025.pdf,10.03,Firth Deep Dive (Universal),Text Only,294,0,A_Structure/Firth/A_Structure/X-Pod_Installation_Guide_July_2025.pdf
Product Rep,A_Structure,Firth,X-Pod_Installers_Guide_Dec_2018.pdf,3.04,Firth Deep Dive (Universal),Text Only,294,0,A_Structure/Firth/A_Structure/X-Pod_Installers_Guide_Dec_2018.pdf
Product Rep,A_Structure,Firth,X-Pod_Structural_Designers_Guide_July_2025.pdf,2.40,Firth Deep Dive (Universal),Text Only,294,0,A_Structure/Firth/A_Structure/X-Pod_Structural_Designers_Guide_July_2025.pdf
Product Rep,A_Structure,JL Duke,593_2022.pdf,0.37,J&L Duke - 593_2022,Text Only,33,0,A_Structure/JL_Duke/TriBoard/593_2022.pdf
Product Rep,A_Structure,JL Duke,Inter-Tenancy-Wall-Technical-Literature-1.pdf,10.05,J&L Duke - Inter-Tenancy-Wall-Technical-Literature-1,Text Only,19,0,A_Structure/JL_Duke/TriBoard/Inter-Tenancy-Wall-Technical-Literature-1.pdf
Product Rep,A_Structure,JL Duke,J-Frame-Care-Maintenance-Guide-CodeMark-1-1-2.pdf,2.88,J&L Duke - J-Frame-Care-Maintenance-Guide-CodeMark-1-1-2,Text Only,2,0,A_Structure/JL_Duke/JFrame_8_11/J-Frame-Care-Maintenance-Guide-CodeMark-1-1-2.pdf
Product Rep,A_Structure,JL Duke,J-Frame-Design-Installation-Guide-2025-1.pdf,1.34,J&L Duke - J-Frame-Design-Installation-Guide-2025-1,Text Only,8,0,A_Structure/JL_Duke/JFrame_8_11/J-Frame-Design-Installation-Guide-2025-1.pdf
Product Rep,A_Structure,JL Duke,J-Frame-and-Exposure-to-the-Elements-1.pdf,0.37,J&L Duke - J-Frame-and-Exposure-to-the-Elements-1,Text Only,2,0,A_Structure/JL_Duke/JFrame_8_11/J-Frame-and-Exposure-to-the-Elements-1.pdf
Product Rep,A_Structure,JL Duke,J-Frame-beam-span-tables-V1.0.pdf,2.11,J&L Duke - J-Frame-beam-span-tables-V1.0,Text Only,41,0,A_Structure/JL_Duke/JFrame_8_11/J-Frame-beam-span-tables-V1.0.pdf
Product Rep,A_Structure,JL Duke,J-Frame-stud-span-tables-V1.0.pdf,0.84,J&L Duke - J-Frame-stud-span-tables-V1.0,Text Only,12,0,A_Structure/JL_Duke/JFrame_8_11/J-Frame-stud-span-tables-V1.0.pdf
Product Rep,A_Structure,JL Duke,J-frame-BRANZ.pdf,0.22,J&L Duke - J-frame-BRANZ,Text Only,14,0,A_Structure/JL_Duke/JFrame_8_11/J-frame-BRANZ.pdf
Product Rep,A_Structure,JL Duke,Procedure-for-testing-moisture-content-of-J-Frame-2.pdf,4.04,J&L Duke - Procedure-for-testing-moisture-content-of-J-Frame-2,Text Only,2,0,A_Structure/JL_Duke/JFrame_8_11/Procedure-for-testing-moisture-content-of-J-Frame-2.pdf
Product Rep,A_Structure,JL Duke,Triboard-Bracing-Details-1.pdf,0.37,J&L Duke - Triboard-Bracing-Details-1,Text Only,1,0,A_Structure/JL_Duke/TriBoard/Triboard-Bracing-Details-1.pdf
Product Rep,A_Structure,JL Duke,Triboard-Brochure-2022-1.pdf,4.41,J&L Duke - Triboard-Brochure-2022-1,Text Only,10,0,A_Structure/JL_Duke/TriBoard/Triboard-Brochure-2022-1.pdf
Product Rep,A_Structure,JL Duke,Triboard-Constuction-System-Appraisal-481.pdf,0.20,J&L Duke - Triboard-Constuction-System-Appraisal-481,Text Only,24,0,A_Structure/JL_Duke/TriBoard/Triboard-Constuction-System-Appraisal-481.pdf
Product Rep,A_Structure,JL Duke,Triboard-General-MSDS-2020-1.pdf,0.55,J&L Duke - Triboard-General-MSDS-2020-1,Text Only,14,0,A_Structure/JL_Duke/TriBoard/Triboard-General-MSDS-2020-1.pdf
Product Rep,A_Structure,JL Duke,Triboard-Lining-TGV-Panels-Brochure-1.pdf,1.49,J&L Duke - Triboard-Lining-TGV-Panels-Brochure-1,Text Only,4,0,A_Structure/JL_Duke/TriBoard/Triboard-Lining-TGV-Panels-Brochure-1.pdf
Product Rep,A_Structure,JL Duke,Triboard-Lining-TGV-Panels-Brochure-1.pdf,1.49,J&L Duke - Triboard-Lining-TGV-Panels-Brochure-1,Text Only,4,0,A_Structure/JL_Duke/TriBoard_TGV/Triboard-Lining-TGV-Panels-Brochure-1.pdf
Product Rep,A_Structure,JL Duke,Triboard-TGV-Lining-Panel-FAQ-1-1.pdf,0.37,J&L Duke - Triboard-TGV-Lining-Panel-FAQ-1-1,Text Only,4,0,A_Structure/JL_Duke/TriBoard_TGV/Triboard-TGV-Lining-Panel-FAQ-1-1.pdf
Product Rep,A_Structure,JL Duke,Triboard-Wall-Lining-Installation-Sheet-2022.pdf,0.37,J&L Duke - Triboard-Wall-Lining-Installation-Sheet-2022,Text Only,11,0,A_Structure/JL_Duke/TriBoard/Triboard-Wall-Lining-Installation-Sheet-2022.pdf
Product Rep,A_Structure,Red Stag,Boron_Treated_Wood_SDS_2020.pdf,0.37,Red Stag - Boron_Treated_Wood_SDS_2020.pdf,Text Only,16,0,A_Structure/Red_Stag/Boron_Treated_Wood_SDS_2020.pdf
Product Rep,A_Structure,Red Stag,CCA_Treated_Wood_MSDS_2015.pdf,0.06,Red Stag - CCA_Treated_Wood_MSDS_2015.pdf,Text Only,19,0,A_Structure/Red_Stag/CCA_Treated_Wood_MSDS_2015.pdf
Product Rep,A_Structure,Red Stag,CCA_Treated_Wood_SDS_2020.pdf,0.06,Red Stag - CCA_Treated_Wood_SDS_2020.pdf,Text Only,4,0,A_Structure/Red_Stag/CCA_Treated_Wood_SDS_2020.pdf
Product Rep,A_Structure,Red Stag,LOSP_Treated_Wood_SDS_-_26_Jun_2020.pdf,0.06,Red Stag - LOSP_Treated_Wood_SDS_-_26_Jun_2020.pdf,Text Only,5,0,A_Structure/Red_Stag/LOSP_Treated_Wood_SDS_-_26_Jun_2020.pdf
Product Rep,A_Structure,Red Stag,Landscaping_Timber_20240229.pdf,0.60,,Not Ingested,0,0,A_Structure/Red_Stag/Landscaping_Timber_20240229.pdf
Product Rep,A_Structure,Red Stag,Non_Structural_Timber_20230922.pdf,0.87,Red Stag - Non_Structural_Timber_20230922.pdf,Text Only,3,0,A_Structure/Red_Stag/Non_Structural_Timber_20230922.pdf
Product Rep,A_Structure,Red Stag,Packets_and_Lengths.pdf,1.90,,Not Ingested,0,0,A_Structure/Red_Stag/Packets_and_Lengths.pdf
Product Rep,A_Structure,Red Stag,Producers_Statement_2025.pdf,0.26,Red Stag - Producers_Statement_2025.pdf,Text Only,2,0,A_Structure/Red_Stag/Producers_Statement_2025.pdf
Product Rep,A_Structure,Red Stag,SDS-FramePro-Treated-Wood_002.pdf,0.08,Red Stag - SDS-FramePro-Treated-Wood_002.pdf,Text Only,7,0,A_Structure/Red_Stag/SDS-FramePro-Treated-Wood_002.pdf
Product Rep,A_Structure,Red Stag,Structurally_Graded_Timber_20230922.pdf,0.39,Red Stag - Structurally_Graded_Timber_20230922.pdf,Text Only,7,0,A_Structure/Red_Stag/Structurally_Graded_Timber_20230922.pdf
Product Rep,A_Structure,Red Stag,Timberwrap_Recycling_options.pdf,0.44,Red Stag - Timberwrap_Recycling_options.pdf,Text Only,1,0,A_Structure/Red_Stag/Timberwrap_Recycling_options.pdf
